Date Time, Water Level, Sigma, I, L 
2016-12-01 00:00,0.035,0.034,0,0
2016-12-01 01:00,-0.101,0.049,0,0
2016-12-01 02:00,-0.057,0.033,0,0
2016-12-01 03:00,0.129,0.042,0,0
2016-12-01 04:00,0.383,0.048,0,0
2016-12-01 05:00,0.661,0.045,0,0
2016-12-01 06:00,0.928,0.058,0,0
2016-12-01 07:00,1.130,0.049,0,0
2016-12-01 08:00,1.178,0.062,0,0
2016-12-01 09:00,1.141,0.059,0,0
2016-12-01 10:00,1.043,0.076,0,0
2016-12-01 11:00,0.974,0.079,0,0
2016-12-01 12:00,0.854,0.071,0,0
2016-12-01 13:00,0.850,0.070,0,0
2016-12-01 14:00,0.945,0.074,0,0
2016-12-01 15:00,1.128,0.091,0,0
2016-12-01 16:00,1.342,0.105,0,0
2016-12-01 17:00,1.525,0.092,0,0
2016-12-01 18:00,1.684,0.099,0,0
2016-12-01 19:00,1.659,0.083,0,0
2016-12-01 20:00,1.513,0.117,0,0
2016-12-01 21:00,1.212,0.093,0,0
2016-12-01 22:00,0.832,0.064,0,0
2016-12-01 23:00,0.474,0.074,0,0
2016-12-02 00:00,0.167,0.082,0,0
2016-12-02 01:00,-0.043,0.063,0,0
2016-12-02 02:00,-0.152,0.064,0,0
2016-12-02 03:00,-0.045,0.066,0,0
2016-12-02 04:00,0.145,0.050,0,0
2016-12-02 05:00,0.441,0.057,0,0
2016-12-02 06:00,0.737,0.074,0,0
2016-12-02 07:00,0.949,0.068,0,0
2016-12-02 08:00,1.115,0.077,0,0
2016-12-02 09:00,1.137,0.079,0,0
2016-12-02 10:00,1.099,0.092,0,0
2016-12-02 11:00,1.035,0.087,0,0
2016-12-02 12:00,0.888,0.078,0,0
2016-12-02 13:00,0.864,0.096,0,0
2016-12-02 14:00,0.877,0.071,0,0
2016-12-02 15:00,0.997,0.089,0,0
2016-12-02 16:00,1.201,0.090,0,0
2016-12-02 17:00,1.372,0.072,0,0
2016-12-02 18:00,1.551,0.073,0,0
2016-12-02 19:00,1.607,0.065,0,0
2016-12-02 20:00,1.529,0.078,0,0
2016-12-02 21:00,1.301,0.070,0,0
2016-12-02 22:00,1.047,0.062,0,0
2016-12-02 23:00,0.677,0.056,0,0
2016-12-03 00:00,0.336,0.047,0,0
2016-12-03 01:00,0.072,0.038,0,0
2016-12-03 02:00,-0.123,0.039,0,0
2016-12-03 03:00,-0.128,0.051,0,0
2016-12-03 04:00,0.024,0.057,0,0
2016-12-03 05:00,0.260,0.055,0,0
2016-12-03 06:00,0.506,0.049,0,0
2016-12-03 07:00,0.789,0.058,0,0
2016-12-03 08:00,1.023,0.055,0,0
2016-12-03 09:00,1.128,0.060,0,0
2016-12-03 10:00,1.124,0.069,0,0
2016-12-03 11:00,1.068,0.069,0,0
2016-12-03 12:00,1.000,0.059,0,0
2016-12-03 13:00,0.900,0.070,0,0
2016-12-03 14:00,0.890,0.069,0,0
2016-12-03 15:00,0.934,0.067,0,0
2016-12-03 16:00,1.047,0.066,0,0
2016-12-03 17:00,1.247,0.078,0,0
2016-12-03 18:00,1.378,0.078,0,0
2016-12-03 19:00,1.509,0.073,0,0
2016-12-03 20:00,1.501,0.076,0,0
2016-12-03 21:00,1.433,0.075,0,0
2016-12-03 22:00,1.194,0.090,0,0
2016-12-03 23:00,0.921,0.065,0,0
2016-12-04 00:00,0.593,0.069,0,0
2016-12-04 01:00,0.291,0.063,0,0
2016-12-04 02:00,0.026,0.082,0,0
2016-12-04 03:00,-0.029,0.067,0,0
2016-12-04 04:00,-0.031,0.056,0,0
2016-12-04 05:00,0.164,0.071,0,0
2016-12-04 06:00,0.335,0.083,0,0
2016-12-04 07:00,0.638,0.125,0,0
2016-12-04 08:00,0.907,0.093,0,0
2016-12-04 09:00,1.113,0.112,0,0
2016-12-04 10:00,1.169,0.148,0,0
2016-12-04 11:00,1.165,0.115,0,0
2016-12-04 12:00,1.105,0.095,0,0
2016-12-04 13:00,1.071,0.121,0,0
2016-12-04 14:00,0.956,0.082,0,0
2016-12-04 15:00,0.930,0.107,0,0
2016-12-04 16:00,0.985,0.106,0,0
2016-12-04 17:00,1.130,0.126,0,0
2016-12-04 18:00,1.239,0.103,0,0
2016-12-04 19:00,1.393,0.109,0,0
2016-12-04 20:00,1.440,0.091,0,0
2016-12-04 21:00,1.490,0.107,0,0
2016-12-04 22:00,1.344,0.146,0,0
2016-12-04 23:00,1.086,0.132,0,0
2016-12-05 00:00,0.823,0.140,0,0
2016-12-05 01:00,0.527,0.081,0,0
2016-12-05 02:00,0.230,0.080,0,0
2016-12-05 03:00,0.068,0.072,0,0
2016-12-05 04:00,0.030,0.075,0,0
2016-12-05 05:00,0.080,0.060,0,0
2016-12-05 06:00,0.286,0.080,0,0
2016-12-05 07:00,0.473,0.054,0,0
2016-12-05 08:00,0.762,0.093,0,0
2016-12-05 09:00,1.018,0.085,0,0
2016-12-05 10:00,1.181,0.078,0,0
2016-12-05 11:00,1.219,0.078,0,0
2016-12-05 12:00,1.193,0.094,0,0
2016-12-05 13:00,1.171,0.071,0,0
2016-12-05 14:00,1.059,0.060,0,0
2016-12-05 15:00,0.984,0.089,0,0
2016-12-05 16:00,0.948,0.071,0,0
2016-12-05 17:00,0.983,0.062,0,0
2016-12-05 18:00,1.056,0.072,0,0
2016-12-05 19:00,1.189,0.071,0,0
2016-12-05 20:00,1.263,0.069,0,0
2016-12-05 21:00,1.334,0.080,0,0
2016-12-05 22:00,1.311,0.083,0,0
2016-12-05 23:00,1.208,0.063,0,0
2016-12-06 00:00,1.014,0.066,0,0
2016-12-06 01:00,0.765,0.057,0,0
2016-12-06 02:00,0.526,0.054,0,0
2016-12-06 03:00,0.296,0.060,0,0
2016-12-06 04:00,0.137,0.035,0,0
2016-12-06 05:00,0.109,0.050,0,0
2016-12-06 06:00,0.157,0.052,0,0
2016-12-06 07:00,0.367,0.058,0,0
2016-12-06 08:00,0.611,0.058,0,0
2016-12-06 09:00,0.862,0.082,0,0
2016-12-06 10:00,1.065,0.073,0,0
2016-12-06 11:00,1.246,0.075,0,0
2016-12-06 12:00,1.304,0.077,0,0
2016-12-06 13:00,1.267,0.061,0,0
2016-12-06 14:00,1.170,0.067,0,0
2016-12-06 15:00,1.025,0.063,0,0
2016-12-06 16:00,0.938,0.065,0,0
2016-12-06 17:00,0.890,0.051,0,0
2016-12-06 18:00,0.864,0.051,0,0
2016-12-06 19:00,0.930,0.057,0,0
2016-12-06 20:00,1.009,0.057,0,0
2016-12-06 21:00,1.117,0.056,0,0
2016-12-06 22:00,1.189,0.055,0,0
2016-12-06 23:00,1.200,0.049,0,0
2016-12-07 00:00,1.128,0.056,0,0
2016-12-07 01:00,0.950,0.069,0,0
2016-12-07 02:00,0.723,0.054,0,0
2016-12-07 03:00,0.480,0.055,0,0
2016-12-07 04:00,0.283,0.047,0,0
2016-12-07 05:00,0.127,0.039,0,0
2016-12-07 06:00,0.110,0.045,0,0
2016-12-07 07:00,0.181,0.038,0,0
2016-12-07 08:00,0.392,0.039,0,0
2016-12-07 09:00,0.674,0.044,0,0
2016-12-07 10:00,0.954,0.042,0,0
2016-12-07 11:00,1.179,0.045,0,0
2016-12-07 12:00,1.317,0.054,0,0
2016-12-07 13:00,1.351,0.060,0,0
2016-12-07 14:00,1.291,0.044,0,0
2016-12-07 15:00,1.152,0.050,0,0
2016-12-07 16:00,0.973,0.047,0,0
2016-12-07 17:00,0.831,0.043,0,0
2016-12-07 18:00,0.734,0.046,0,0
2016-12-07 19:00,0.669,0.041,0,0
2016-12-07 20:00,0.742,0.034,0,0
2016-12-07 21:00,0.839,0.041,0,0
2016-12-07 22:00,0.962,0.052,0,0
2016-12-07 23:00,1.057,0.047,0,0
2016-12-08 00:00,1.098,0.045,0,0
2016-12-08 01:00,1.061,0.044,0,0
2016-12-08 02:00,0.916,0.036,0,0
2016-12-08 03:00,0.711,0.048,0,0
2016-12-08 04:00,0.519,0.030,0,0
2016-12-08 05:00,0.341,0.028,0,0
2016-12-08 06:00,0.197,0.021,0,0
2016-12-08 07:00,0.211,0.019,0,0
2016-12-08 08:00,0.313,0.019,0,0
2016-12-08 09:00,0.546,0.021,0,0
2016-12-08 10:00,0.825,0.031,0,0
2016-12-08 11:00,1.127,0.024,0,0
2016-12-08 12:00,1.382,0.026,0,0
2016-12-08 13:00,1.514,0.024,0,0
2016-12-08 14:00,1.513,0.023,0,0
2016-12-08 15:00,1.389,0.028,0,0
2016-12-08 16:00,1.206,0.030,0,0
2016-12-08 17:00,0.958,0.032,0,0
2016-12-08 18:00,0.735,0.030,0,0
2016-12-08 19:00,0.590,0.029,0,0
2016-12-08 20:00,0.526,0.025,0,0
2016-12-08 21:00,0.536,0.029,0,0
2016-12-08 22:00,0.690,0.028,0,0
2016-12-08 23:00,0.875,0.028,0,0
2016-12-09 00:00,1.016,0.034,0,0
2016-12-09 01:00,1.099,0.032,0,0
2016-12-09 02:00,1.077,0.027,0,0
2016-12-09 03:00,0.970,0.033,0,0
2016-12-09 04:00,0.793,0.042,0,0
2016-12-09 05:00,0.571,0.035,0,0
2016-12-09 06:00,0.368,0.033,0,0
2016-12-09 07:00,0.276,0.025,0,0
2016-12-09 08:00,0.271,0.032,0,0
2016-12-09 09:00,0.431,0.026,0,0
2016-12-09 10:00,0.692,0.042,0,0
2016-12-09 11:00,0.998,0.042,0,0
2016-12-09 12:00,1.309,0.036,0,0
2016-12-09 13:00,1.514,0.035,0,0
2016-12-09 14:00,1.605,0.042,0,0
2016-12-09 15:00,1.570,0.051,0,0
2016-12-09 16:00,1.372,0.034,0,0
2016-12-09 17:00,1.074,0.048,0,0
2016-12-09 18:00,0.796,0.041,0,0
2016-12-09 19:00,0.512,0.033,0,0
2016-12-09 20:00,0.319,0.034,0,0
2016-12-09 21:00,0.257,0.033,0,0
2016-12-09 22:00,0.312,0.032,0,0
2016-12-09 23:00,0.482,0.039,0,0
2016-12-10 00:00,0.735,0.042,0,0
2016-12-10 01:00,0.928,0.045,0,0
2016-12-10 02:00,1.092,0.052,0,0
2016-12-10 03:00,1.108,0.053,0,0
2016-12-10 04:00,1.030,0.048,0,0
2016-12-10 05:00,0.856,0.047,0,0
2016-12-10 06:00,0.655,0.039,0,0
2016-12-10 07:00,0.453,0.036,0,0
2016-12-10 08:00,0.378,0.038,0,0
2016-12-10 09:00,0.445,0.035,0,0
2016-12-10 10:00,0.603,0.049,0,0
2016-12-10 11:00,0.891,0.043,0,0
2016-12-10 12:00,1.252,0.044,0,0
2016-12-10 13:00,1.550,0.058,0,0
2016-12-10 14:00,1.756,0.058,0,0
2016-12-10 15:00,1.801,0.046,0,0
2016-12-10 16:00,1.676,0.059,0,0
2016-12-10 17:00,1.394,0.000,0,0
2016-12-10 18:00,1.050,0.050,0,0
2016-12-10 19:00,0.653,0.042,0,0
2016-12-10 20:00,0.308,0.045,0,0
2016-12-10 21:00,0.114,0.036,0,0
2016-12-10 22:00,0.048,0.060,0,0
2016-12-10 23:00,0.184,0.044,0,0
2016-12-11 00:00,0.404,0.053,0,0
2016-12-11 01:00,0.698,0.063,0,0
2016-12-11 02:00,0.954,0.069,0,0
2016-12-11 03:00,1.133,0.067,0,0
2016-12-11 04:00,1.176,0.050,0,0
2016-12-11 05:00,1.083,0.059,0,0
2016-12-11 06:00,0.924,0.058,0,0
2016-12-11 07:00,0.728,0.044,0,0
2016-12-11 08:00,0.573,0.044,0,0
2016-12-11 09:00,0.476,0.051,0,0
2016-12-11 10:00,0.552,0.029,0,0
2016-12-11 11:00,0.756,0.041,0,0
2016-12-11 12:00,1.075,0.055,0,0
2016-12-11 13:00,1.418,0.045,0,0
2016-12-11 14:00,1.718,0.061,0,0
2016-12-11 15:00,1.870,0.058,0,0
2016-12-11 16:00,1.911,0.058,0,0
2016-12-11 17:00,1.712,0.049,0,0
2016-12-11 18:00,1.345,0.065,0,0
2016-12-11 19:00,0.899,0.044,0,0
2016-12-11 20:00,0.446,0.054,0,0
2016-12-11 21:00,0.090,0.050,0,0
2016-12-11 22:00,-0.146,0.040,0,0
2016-12-11 23:00,-0.161,0.051,0,0
2016-12-12 00:00,-0.023,0.036,0,0
2016-12-12 01:00,0.287,0.049,0,0
2016-12-12 02:00,0.639,0.067,0,0
2016-12-12 03:00,0.981,0.051,0,0
2016-12-12 04:00,1.133,0.049,0,0
2016-12-12 05:00,1.224,0.055,0,0
2016-12-12 06:00,1.163,0.058,0,0
2016-12-12 07:00,0.963,0.060,0,0
2016-12-12 08:00,0.751,0.055,0,0
2016-12-12 09:00,0.599,0.046,0,0
2016-12-12 10:00,0.545,0.056,0,0
2016-12-12 11:00,0.644,0.045,0,0
2016-12-12 12:00,0.900,0.051,0,0
2016-12-12 13:00,1.279,0.069,0,0
2016-12-12 14:00,1.616,0.069,0,0
2016-12-12 15:00,1.881,0.078,0,0
2016-12-12 16:00,2.056,0.062,0,0
2016-12-12 17:00,1.965,0.064,0,0
2016-12-12 18:00,1.694,0.068,0,0
2016-12-12 19:00,1.280,0.048,0,0
2016-12-12 20:00,0.728,0.051,0,0
2016-12-12 21:00,0.259,0.039,0,0
2016-12-12 22:00,-0.114,0.033,0,0
2016-12-12 23:00,-0.319,0.053,0,0
2016-12-13 00:00,-0.293,0.039,0,0
2016-12-13 01:00,-0.079,0.030,0,0
2016-12-13 02:00,0.296,0.040,0,0
2016-12-13 03:00,0.682,0.046,0,0
2016-12-13 04:00,1.002,0.058,0,0
2016-12-13 05:00,1.221,0.061,0,0
2016-12-13 06:00,1.289,0.043,0,0
2016-12-13 07:00,1.174,0.044,0,0
2016-12-13 08:00,1.021,0.050,0,0
2016-12-13 09:00,0.811,0.045,0,0
2016-12-13 10:00,0.667,0.049,0,0
2016-12-13 11:00,0.632,0.034,0,0
2016-12-13 12:00,0.787,0.045,0,0
2016-12-13 13:00,1.039,0.050,0,0
2016-12-13 14:00,1.412,0.054,0,0
2016-12-13 15:00,1.768,0.046,0,0
2016-12-13 16:00,2.011,0.054,0,0
2016-12-13 17:00,2.073,0.061,0,0
2016-12-13 18:00,1.969,0.052,0,0
2016-12-13 19:00,1.628,0.052,0,0
2016-12-13 20:00,1.146,0.044,0,0
2016-12-13 21:00,0.572,0.043,0,0
2016-12-13 22:00,0.067,0.030,0,0
2016-12-13 23:00,-0.299,0.031,0,0
2016-12-14 00:00,-0.463,0.024,0,0
2016-12-14 01:00,-0.408,0.027,0,0
2016-12-14 02:00,-0.136,0.028,0,0
2016-12-14 03:00,0.250,0.027,0,0
2016-12-14 04:00,0.680,0.037,0,0
2016-12-14 05:00,1.066,0.040,0,0
2016-12-14 06:00,1.238,0.042,0,0
2016-12-14 07:00,1.319,0.050,0,0
2016-12-14 08:00,1.227,0.050,0,0
2016-12-14 09:00,1.051,0.040,0,0
2016-12-14 10:00,0.867,0.055,0,0
2016-12-14 11:00,0.678,0.042,0,0
2016-12-14 12:00,0.714,0.036,0,0
2016-12-14 13:00,0.865,0.039,0,0
2016-12-14 14:00,1.180,0.034,0,0
2016-12-14 15:00,1.523,0.041,0,0
2016-12-14 16:00,1.859,0.037,0,0
2016-12-14 17:00,2.067,0.044,0,0
2016-12-14 18:00,2.113,0.040,0,0
2016-12-14 19:00,1.930,0.038,0,0
2016-12-14 20:00,1.540,0.037,0,0
2016-12-14 21:00,1.030,0.038,0,0
2016-12-14 22:00,0.485,0.030,0,0
2016-12-14 23:00,-0.027,0.021,0,0
2016-12-15 00:00,-0.346,0.019,0,0
2016-12-15 01:00,-0.431,0.017,0,0
2016-12-15 02:00,-0.343,0.019,0,0
2016-12-15 03:00,-0.051,0.019,0,0
2016-12-15 04:00,0.334,0.023,0,0
2016-12-15 05:00,0.785,0.040,0,0
2016-12-15 06:00,1.103,0.052,0,0
2016-12-15 07:00,1.352,0.040,0,0
2016-12-15 08:00,1.398,0.054,0,0
2016-12-15 09:00,1.303,0.038,0,0
2016-12-15 10:00,1.114,0.036,0,0
2016-12-15 11:00,0.938,0.033,0,0
2016-12-15 12:00,0.816,0.036,0,0
2016-12-15 13:00,0.839,0.035,0,0
2016-12-15 14:00,0.994,0.036,0,0
2016-12-15 15:00,1.278,0.034,0,0
2016-12-15 16:00,1.655,0.041,0,0
2016-12-15 17:00,1.929,0.039,0,0
2016-12-15 18:00,2.129,0.043,0,0
2016-12-15 19:00,2.129,0.059,0,0
2016-12-15 20:00,1.925,0.037,0,0
2016-12-15 21:00,1.548,0.039,0,0
2016-12-15 22:00,1.037,0.040,0,0
2016-12-15 23:00,0.485,0.028,0,0
2016-12-16 00:00,0.073,0.025,0,0
2016-12-16 01:00,-0.195,0.017,0,0
2016-12-16 02:00,-0.273,0.019,0,0
2016-12-16 03:00,-0.136,0.020,0,0
2016-12-16 04:00,0.200,0.017,0,0
2016-12-16 05:00,0.632,0.029,0,0
2016-12-16 06:00,1.042,0.034,0,0
2016-12-16 07:00,1.352,0.029,0,0
2016-12-16 08:00,1.527,0.032,0,0
2016-12-16 09:00,1.527,0.049,0,0
2016-12-16 10:00,1.395,0.057,0,0
2016-12-16 11:00,1.195,0.049,0,0
2016-12-16 12:00,0.994,0.049,0,0
2016-12-16 13:00,0.880,0.054,0,0
2016-12-16 14:00,0.875,0.051,0,0
2016-12-16 15:00,1.007,0.053,0,0
2016-12-16 16:00,1.292,0.062,0,0
2016-12-16 17:00,1.567,0.067,0,0
2016-12-16 18:00,1.823,0.064,0,0
2016-12-16 19:00,1.962,0.077,0,0
2016-12-16 20:00,1.886,0.061,0,0
2016-12-16 21:00,1.682,0.062,0,0
2016-12-16 22:00,1.298,0.046,0,0
2016-12-16 23:00,0.817,0.048,0,0
2016-12-17 00:00,0.328,0.055,0,0
2016-12-17 01:00,-0.046,0.050,0,0
2016-12-17 02:00,-0.285,0.059,0,0
2016-12-17 03:00,-0.322,0.056,0,0
2016-12-17 04:00,-0.173,0.065,0,0
2016-12-17 05:00,0.153,0.072,0,0
2016-12-17 06:00,0.505,0.055,0,0
2016-12-17 07:00,0.923,0.060,0,0
2016-12-17 08:00,1.221,0.062,0,0
2016-12-17 09:00,1.337,0.066,0,0
2016-12-17 10:00,1.342,0.053,0,0
2016-12-17 11:00,1.218,0.069,0,0
2016-12-17 12:00,1.046,0.051,0,0
2016-12-17 13:00,0.878,0.048,0,0
2016-12-17 14:00,0.770,0.052,0,0
2016-12-17 15:00,0.753,0.046,0,0
2016-12-17 16:00,0.884,0.055,0,0
2016-12-17 17:00,1.114,0.049,0,0
2016-12-17 18:00,1.372,0.056,0,0
2016-12-17 19:00,1.558,0.054,0,0
2016-12-17 20:00,1.656,0.053,0,0
2016-12-17 21:00,1.584,0.044,0,0
2016-12-17 22:00,1.372,0.060,0,0
2016-12-17 23:00,1.020,0.046,0,0
2016-12-18 00:00,0.613,0.042,0,0
2016-12-18 01:00,0.204,0.045,0,0
2016-12-18 02:00,-0.106,0.036,0,0
2016-12-18 03:00,-0.282,0.034,0,0
2016-12-18 04:00,-0.294,0.038,0,0
2016-12-18 05:00,-0.082,0.037,0,0
2016-12-18 06:00,0.236,0.032,0,0
2016-12-18 07:00,0.603,0.041,0,0
2016-12-18 08:00,0.917,0.050,0,0
2016-12-18 09:00,1.181,0.049,0,0
2016-12-18 10:00,1.299,0.052,0,0
2016-12-18 11:00,1.311,0.049,0,0
2016-12-18 12:00,1.189,0.047,0,0
2016-12-18 13:00,1.021,0.038,0,0
2016-12-18 14:00,0.856,0.044,0,0
2016-12-18 15:00,0.760,0.058,0,0
2016-12-18 16:00,0.700,0.041,0,0
2016-12-18 17:00,0.849,0.041,0,0
2016-12-18 18:00,1.004,0.057,0,0
2016-12-18 19:00,1.189,0.052,0,0
2016-12-18 20:00,1.342,0.060,0,0
2016-12-18 21:00,1.449,0.057,0,0
2016-12-18 22:00,1.386,0.046,0,0
2016-12-18 23:00,1.185,0.052,0,0
2016-12-19 00:00,0.894,0.046,0,0
2016-12-19 01:00,0.566,0.046,0,0
2016-12-19 02:00,0.238,0.034,0,0
2016-12-19 03:00,-0.015,0.031,0,0
2016-12-19 04:00,-0.165,0.039,0,0
2016-12-19 05:00,-0.108,0.039,0,0
2016-12-19 06:00,0.033,0.039,0,0
2016-12-19 07:00,0.362,0.040,0,0
2016-12-19 08:00,0.690,0.045,0,0
2016-12-19 09:00,1.016,0.044,0,0
2016-12-19 10:00,1.203,0.038,0,0
2016-12-19 11:00,1.316,0.054,0,0
2016-12-19 12:00,1.328,0.059,0,0
2016-12-19 13:00,1.211,0.042,0,0
2016-12-19 14:00,1.036,0.047,0,0
2016-12-19 15:00,0.871,0.047,0,0
2016-12-19 16:00,0.741,0.052,0,0
2016-12-19 17:00,0.700,0.052,0,0
2016-12-19 18:00,0.782,0.052,0,0
2016-12-19 19:00,0.894,0.048,0,0
2016-12-19 20:00,1.045,0.051,0,0
2016-12-19 21:00,1.174,0.044,0,0
2016-12-19 22:00,1.245,0.047,0,0
2016-12-19 23:00,1.203,0.066,0,0
2016-12-20 00:00,1.086,0.063,0,0
2016-12-20 01:00,0.843,0.046,0,0
2016-12-20 02:00,0.595,0.058,0,0
2016-12-20 03:00,0.352,0.059,0,0
2016-12-20 04:00,0.133,0.050,0,0
2016-12-20 05:00,0.073,0.042,0,0
2016-12-20 06:00,0.098,0.041,0,0
2016-12-20 07:00,0.331,0.049,0,0
2016-12-20 08:00,0.565,0.041,0,0
2016-12-20 09:00,0.855,0.053,0,0
2016-12-20 10:00,1.170,0.056,0,0
2016-12-20 11:00,1.331,0.047,0,0
2016-12-20 12:00,1.430,0.048,0,0
2016-12-20 13:00,1.410,0.076,0,0
2016-12-20 14:00,1.306,0.078,0,0
2016-12-20 15:00,1.096,0.069,0,0
2016-12-20 16:00,0.901,0.061,0,0
2016-12-20 17:00,0.787,0.049,0,0
2016-12-20 18:00,0.711,0.056,0,0
2016-12-20 19:00,0.700,0.055,0,0
2016-12-20 20:00,0.770,0.052,0,0
2016-12-20 21:00,0.959,0.049,0,0
2016-12-20 22:00,1.049,0.068,0,0
2016-12-20 23:00,1.166,0.055,0,0
2016-12-21 00:00,1.149,0.060,0,0
2016-12-21 01:00,1.018,0.050,0,0
2016-12-21 02:00,0.869,0.057,0,0
2016-12-21 03:00,0.657,0.058,0,0
2016-12-21 04:00,0.470,0.045,0,0
2016-12-21 05:00,0.316,0.049,0,0
2016-12-21 06:00,0.288,0.036,0,0
2016-12-21 07:00,0.370,0.035,0,0
2016-12-21 08:00,0.555,0.055,0,0
2016-12-21 09:00,0.792,0.063,0,0
2016-12-21 10:00,1.085,0.054,0,0
2016-12-21 11:00,1.343,0.057,0,0
2016-12-21 12:00,1.509,0.067,0,0
2016-12-21 13:00,1.576,0.054,0,0
2016-12-21 14:00,1.479,0.043,0,0
2016-12-21 15:00,1.387,0.061,0,0
2016-12-21 16:00,1.181,0.064,0,0
2016-12-21 17:00,0.951,0.070,0,0
2016-12-21 18:00,0.811,0.074,0,0
2016-12-21 19:00,0.709,0.075,0,0
2016-12-21 20:00,0.684,0.089,0,0
2016-12-21 21:00,0.752,0.082,0,0
2016-12-21 22:00,0.855,0.110,0,0
2016-12-21 23:00,1.027,0.084,0,0
2016-12-22 00:00,1.106,0.086,0,0
2016-12-22 01:00,1.145,0.109,0,0
2016-12-22 02:00,1.109,0.069,0,0
2016-12-22 03:00,0.979,0.107,0,0
2016-12-22 04:00,0.772,0.075,0,0
2016-12-22 05:00,0.621,0.096,0,0
2016-12-22 06:00,0.500,0.072,0,0
2016-12-22 07:00,0.478,0.079,0,0
2016-12-22 08:00,0.534,0.098,0,0
2016-12-22 09:00,0.746,0.080,0,0
2016-12-22 10:00,0.988,0.095,0,0
2016-12-22 11:00,1.266,0.083,0,0
2016-12-22 12:00,1.485,0.099,0,0
2016-12-22 13:00,1.625,0.114,0,0
2016-12-22 14:00,1.626,0.093,0,0
2016-12-22 15:00,1.552,0.063,0,0
2016-12-22 16:00,1.373,0.106,0,0
2016-12-22 17:00,1.085,0.093,0,0
2016-12-22 18:00,0.883,0.091,0,0
2016-12-22 19:00,0.688,0.084,0,0
2016-12-22 20:00,0.587,0.076,0,0
2016-12-22 21:00,0.532,0.082,0,0
2016-12-22 22:00,0.581,0.074,0,0
2016-12-22 23:00,0.713,0.086,0,0
2016-12-23 00:00,0.908,0.080,0,0
2016-12-23 01:00,1.012,0.106,0,0
2016-12-23 02:00,1.055,0.076,0,0
2016-12-23 03:00,1.065,0.110,0,0
2016-12-23 04:00,0.954,0.095,0,0
2016-12-23 05:00,0.831,0.103,0,0
2016-12-23 06:00,0.700,0.092,0,0
2016-12-23 07:00,0.596,0.103,0,0
2016-12-23 08:00,0.601,0.062,0,0
2016-12-23 09:00,0.734,0.088,0,0
2016-12-23 10:00,0.914,0.084,0,0
2016-12-23 11:00,1.126,0.077,0,0
2016-12-23 12:00,1.367,0.100,0,0
2016-12-23 13:00,1.620,0.112,0,0
2016-12-23 14:00,1.756,0.080,0,0
2016-12-23 15:00,1.731,0.092,0,0
2016-12-23 16:00,1.579,0.106,0,0
2016-12-23 17:00,1.348,0.085,0,0
2016-12-23 18:00,1.049,0.096,0,0
2016-12-23 19:00,0.834,0.070,0,0
2016-12-23 20:00,0.602,0.061,0,0
2016-12-23 21:00,0.491,0.063,0,0
2016-12-23 22:00,0.471,0.067,0,0
2016-12-23 23:00,0.588,0.063,0,0
2016-12-24 00:00,0.754,0.075,0,0
2016-12-24 01:00,0.956,0.064,0,0
2016-12-24 02:00,1.078,0.056,0,0
2016-12-24 03:00,1.188,0.055,0,0
2016-12-24 04:00,1.148,0.063,0,0
2016-12-24 05:00,1.078,0.051,0,0
2016-12-24 06:00,0.984,0.058,0,0
2016-12-24 07:00,0.857,0.063,0,0
2016-12-24 08:00,0.775,0.072,0,0
2016-12-24 09:00,0.751,0.076,0,0
2016-12-24 10:00,0.872,0.075,0,0
2016-12-24 11:00,1.064,0.070,0,0
2016-12-24 12:00,1.325,0.083,0,0
2016-12-24 13:00,1.544,0.087,0,0
2016-12-24 14:00,1.695,0.089,0,0
2016-12-24 15:00,1.762,0.103,0,0
2016-12-24 16:00,1.733,0.091,0,0
2016-12-24 17:00,1.491,0.101,0,0
2016-12-24 18:00,1.219,0.087,0,0
2016-12-24 19:00,0.880,0.087,0,0
2016-12-24 20:00,0.613,0.063,0,0
2016-12-24 21:00,0.387,0.074,0,0
2016-12-24 22:00,0.277,0.074,0,0
2016-12-24 23:00,0.300,0.066,0,0
2016-12-25 00:00,0.447,0.079,0,0
2016-12-25 01:00,0.695,0.086,0,0
2016-12-25 02:00,0.909,0.079,0,0
2016-12-25 03:00,1.041,0.089,0,0
2016-12-25 04:00,1.095,0.096,0,0
2016-12-25 05:00,1.119,0.073,0,0
2016-12-25 06:00,1.018,0.102,0,0
2016-12-25 07:00,0.871,0.084,0,0
2016-12-25 08:00,0.761,0.075,0,0
2016-12-25 09:00,0.742,0.084,0,0
2016-12-25 10:00,0.739,0.068,0,0
2016-12-25 11:00,0.900,0.093,0,0
2016-12-25 12:00,1.134,0.079,0,0
2016-12-25 13:00,1.378,0.085,0,0
2016-12-25 14:00,1.576,0.099,0,0
2016-12-25 15:00,1.686,0.076,0,0
2016-12-25 16:00,1.719,0.092,0,0
2016-12-25 17:00,1.595,0.080,0,0
2016-12-25 18:00,1.334,0.089,0,0
2016-12-25 19:00,0.972,0.078,0,0
2016-12-25 20:00,0.641,0.062,0,0
2016-12-25 21:00,0.355,0.066,0,0
2016-12-25 22:00,0.157,0.049,0,0
2016-12-25 23:00,0.100,0.051,0,0
2016-12-26 00:00,0.189,0.060,0,0
2016-12-26 01:00,0.400,0.062,0,0
2016-12-26 02:00,0.663,0.061,0,0
2016-12-26 03:00,0.881,0.054,0,0
2016-12-26 04:00,1.041,0.057,0,0
2016-12-26 05:00,1.122,0.058,0,0
2016-12-26 06:00,1.105,0.057,0,0
2016-12-26 07:00,0.992,0.039,0,0
2016-12-26 08:00,0.866,0.043,0,0
2016-12-26 09:00,0.806,0.040,0,0
2016-12-26 10:00,0.778,0.041,0,0
2016-12-26 11:00,0.841,0.035,0,0
2016-12-26 12:00,1.015,0.039,0,0
2016-12-26 13:00,1.248,0.040,0,0
2016-12-26 14:00,1.460,0.043,0,0
2016-12-26 15:00,1.642,0.035,0,0
2016-12-26 16:00,1.724,0.042,0,0
2016-12-26 17:00,1.661,0.045,0,0
2016-12-26 18:00,1.435,0.038,0,0
2016-12-26 19:00,1.119,0.032,0,0
2016-12-26 20:00,0.735,0.034,0,0
2016-12-26 21:00,0.377,0.031,0,0
2016-12-26 22:00,0.104,0.026,0,0
2016-12-26 23:00,-0.018,0.024,0,0
2016-12-27 00:00,0.004,0.021,0,0
2016-12-27 01:00,0.134,0.029,0,0
2016-12-27 02:00,0.393,0.040,0,0
2016-12-27 03:00,0.678,0.040,0,0
2016-12-27 04:00,0.932,0.044,0,0
2016-12-27 05:00,1.052,0.064,0,0
2016-12-27 06:00,1.097,0.059,0,0
2016-12-27 07:00,1.077,0.055,0,0
2016-12-27 08:00,0.960,0.059,0,0
2016-12-27 09:00,0.822,0.043,0,0
2016-12-27 10:00,0.768,0.059,0,0
2016-12-27 11:00,0.773,0.053,0,0
2016-12-27 12:00,0.928,0.046,0,0
2016-12-27 13:00,1.073,0.068,0,0
2016-12-27 14:00,1.373,0.061,0,0
2016-12-27 15:00,1.572,0.061,0,0
2016-12-27 16:00,1.665,0.074,0,0
2016-12-27 17:00,1.737,0.064,0,0
2016-12-27 18:00,1.592,0.084,0,0
2016-12-27 19:00,1.317,0.081,0,0
2016-12-27 20:00,0.894,0.082,0,0
2016-12-27 21:00,0.491,0.081,0,0
2016-12-27 22:00,0.192,0.084,0,0
2016-12-27 23:00,-0.006,0.055,0,0
2016-12-28 00:00,-0.167,0.067,0,0
2016-12-28 01:00,-0.046,0.061,0,0
2016-12-28 02:00,0.194,0.075,0,0
2016-12-28 03:00,0.509,0.083,0,0
2016-12-28 04:00,0.773,0.061,0,0
2016-12-28 05:00,0.997,0.060,0,0
2016-12-28 06:00,1.130,0.093,0,0
2016-12-28 07:00,1.114,0.094,0,0
2016-12-28 08:00,1.051,0.072,0,0
2016-12-28 09:00,0.929,0.075,0,0
2016-12-28 10:00,0.839,0.095,0,0
2016-12-28 11:00,0.791,0.069,0,0
2016-12-28 12:00,0.830,0.048,0,0
2016-12-28 13:00,1.003,0.063,0,0
2016-12-28 14:00,1.253,0.055,0,0
2016-12-28 15:00,1.481,0.071,0,0
2016-12-28 16:00,1.683,0.065,0,0
2016-12-28 17:00,1.747,0.056,0,0
2016-12-28 18:00,1.709,0.073,0,0
2016-12-28 19:00,1.497,0.078,0,0
2016-12-28 20:00,1.152,0.096,0,0
2016-12-28 21:00,0.740,0.130,0,0
2016-12-28 22:00,0.351,0.093,0,0
2016-12-28 23:00,0.022,0.076,0,0
2016-12-29 00:00,-0.080,0.055,0,0
2016-12-29 01:00,-0.136,0.058,0,0
2016-12-29 02:00,0.045,0.062,0,0
2016-12-29 03:00,0.327,0.088,0,0
2016-12-29 04:00,0.614,0.069,0,0
2016-12-29 05:00,0.908,0.084,0,0
2016-12-29 06:00,1.117,0.100,0,0
2016-12-29 07:00,1.207,0.091,0,0
2016-12-29 08:00,1.187,0.093,0,0
2016-12-29 09:00,1.060,0.107,0,0
2016-12-29 10:00,0.963,0.080,0,0
2016-12-29 11:00,0.864,0.065,0,0
2016-12-29 12:00,0.894,0.086,0,0
2016-12-29 13:00,1.009,0.089,0,0
2016-12-29 14:00,1.154,0.092,0,0
2016-12-29 15:00,1.391,0.083,0,0
2016-12-29 16:00,1.625,0.100,0,0
2016-12-29 17:00,1.796,0.070,0,0
2016-12-29 18:00,1.813,0.089,0,0
2016-12-29 19:00,1.661,0.073,0,0
2016-12-29 20:00,1.390,0.071,0,0
2016-12-29 21:00,1.006,0.066,0,0
2016-12-29 22:00,0.572,0.064,0,0
2016-12-29 23:00,0.199,0.068,0,0
2016-12-30 00:00,-0.038,0.061,0,0
2016-12-30 01:00,-0.125,0.042,0,0
2016-12-30 02:00,-0.043,0.044,0,0
2016-12-30 03:00,0.195,0.062,0,0
2016-12-30 04:00,0.487,0.074,0,0
2016-12-30 05:00,0.824,0.068,0,0
2016-12-30 06:00,1.043,0.080,0,0
2016-12-30 07:00,1.223,0.105,0,0
2016-12-30 08:00,1.256,0.088,0,0
2016-12-30 09:00,1.221,0.072,0,0
2016-12-30 10:00,1.098,0.075,0,0
2016-12-30 11:00,0.969,0.069,0,0
2016-12-30 12:00,0.934,0.077,0,0
2016-12-30 13:00,0.970,0.091,0,0
2016-12-30 14:00,1.104,0.073,0,0
2016-12-30 15:00,1.297,0.089,0,0
2016-12-30 16:00,1.536,0.102,0,0
2016-12-30 17:00,1.740,0.104,0,0
2016-12-30 18:00,1.863,0.075,0,0
2016-12-30 19:00,1.779,0.094,0,0
2016-12-30 20:00,1.580,0.086,0,0
2016-12-30 21:00,1.224,0.079,0,0
2016-12-30 22:00,0.819,0.063,0,0
2016-12-30 23:00,0.467,0.068,0,0
2016-12-31 00:00,0.101,0.065,0,0
2016-12-31 01:00,-0.077,0.049,0,0
2016-12-31 02:00,-0.080,0.047,0,0
2016-12-31 03:00,0.071,0.054,0,0
2016-12-31 04:00,0.342,0.058,0,0
2016-12-31 05:00,0.635,0.054,0,0
2016-12-31 06:00,0.972,0.056,0,0
2016-12-31 07:00,1.188,0.054,0,0
2016-12-31 08:00,1.320,0.094,0,0
2016-12-31 09:00,1.308,0.107,0,0
2016-12-31 10:00,1.216,0.082,0,0
2016-12-31 11:00,1.093,0.102,0,0
2016-12-31 12:00,1.005,0.070,0,0
2016-12-31 13:00,0.933,0.077,0,0
2016-12-31 14:00,0.983,0.075,0,0
2016-12-31 15:00,1.172,0.094,0,0
2016-12-31 16:00,1.374,0.083,0,0
2016-12-31 17:00,1.605,0.098,0,0
2016-12-31 18:00,1.778,0.079,0,0
2016-12-31 19:00,1.771,0.091,0,0
2016-12-31 20:00,1.680,0.088,0,0
2016-12-31 21:00,1.455,0.085,0,0
2016-12-31 22:00,1.092,0.066,0,0
2016-12-31 23:00,0.689,0.076,0,0
2017-01-01 00:00,0.323,0.000,0,0
2017-01-01 01:00,0.086,0.054,0,0
2017-01-01 02:00,-0.042,0.050,0,0
2017-01-01 03:00,-0.009,0.066,0,0
2017-01-01 04:00,0.161,0.077,0,0
2017-01-01 05:00,0.475,0.054,0,0
2017-01-01 06:00,0.808,0.064,0,0
2017-01-01 07:00,1.064,0.054,0,0
2017-01-01 08:00,1.224,0.070,0,0
2017-01-01 09:00,1.327,0.078,0,0
2017-01-01 10:00,1.260,0.061,0,0
2017-01-01 11:00,1.152,0.050,0,0
2017-01-01 12:00,1.033,0.059,0,0
2017-01-01 13:00,0.990,0.054,0,0
2017-01-01 14:00,0.939,0.054,0,0
2017-01-01 15:00,1.007,0.044,0,0
2017-01-01 16:00,1.135,0.056,0,0
2017-01-01 17:00,1.391,0.066,0,0
2017-01-01 18:00,1.613,0.090,0,0
2017-01-01 19:00,1.670,0.076,0,0
2017-01-01 20:00,1.658,0.068,0,0
2017-01-01 21:00,1.514,0.080,0,0
2017-01-01 22:00,1.257,0.069,0,0
2017-01-01 23:00,0.949,0.060,0,0
2017-01-02 00:00,0.549,0.062,0,0
2017-01-02 01:00,0.262,0.060,0,0
2017-01-02 02:00,0.051,0.047,0,0
2017-01-02 03:00,0.015,0.057,0,0
2017-01-02 04:00,0.091,0.044,0,0
2017-01-02 05:00,0.295,0.051,0,0
2017-01-02 06:00,0.613,0.052,0,0
2017-01-02 07:00,0.917,0.065,0,0
2017-01-02 08:00,1.127,0.058,0,0
2017-01-02 09:00,1.297,0.057,0,0
2017-01-02 10:00,1.326,0.080,0,0
2017-01-02 11:00,1.256,0.065,0,0
2017-01-02 12:00,1.136,0.066,0,0
2017-01-02 13:00,1.026,0.071,0,0
2017-01-02 14:00,0.943,0.065,0,0
2017-01-02 15:00,0.924,0.059,0,0
2017-01-02 16:00,0.971,0.074,0,0
2017-01-02 17:00,1.135,0.077,0,0
2017-01-02 18:00,1.342,0.064,0,0
2017-01-02 19:00,1.496,0.070,0,0
2017-01-02 20:00,1.553,0.076,0,0
2017-01-02 21:00,1.494,0.089,0,0
2017-01-02 22:00,1.334,0.061,0,0
2017-01-02 23:00,1.074,0.076,0,0
2017-01-03 00:00,0.780,0.055,0,0
2017-01-03 01:00,0.466,0.059,0,0
2017-01-03 02:00,0.223,0.052,0,0
2017-01-03 03:00,0.055,0.046,0,0
2017-01-03 04:00,0.096,0.048,0,0
2017-01-03 05:00,0.227,0.044,0,0
2017-01-03 06:00,0.454,0.060,0,0
2017-01-03 07:00,0.757,0.043,0,0
2017-01-03 08:00,1.054,0.067,0,0
2017-01-03 09:00,1.249,0.073,0,0
2017-01-03 10:00,1.372,0.068,0,0
2017-01-03 11:00,1.355,0.066,0,0
2017-01-03 12:00,1.264,0.071,0,0
2017-01-03 13:00,1.152,0.056,0,0
2017-01-03 14:00,0.985,0.053,0,0
2017-01-03 15:00,0.915,0.045,0,0
2017-01-03 16:00,0.903,0.044,0,0
2017-01-03 17:00,0.995,0.043,0,0
2017-01-03 18:00,1.102,0.057,0,0
2017-01-03 19:00,1.275,0.047,0,0
2017-01-03 20:00,1.368,0.046,0,0
2017-01-03 21:00,1.443,0.042,0,0
2017-01-03 22:00,1.423,0.050,0,0
2017-01-03 23:00,1.295,0.043,0,0
2017-01-04 00:00,1.052,0.044,0,0
2017-01-04 01:00,0.759,0.042,0,0
2017-01-04 02:00,0.514,0.031,0,0
2017-01-04 03:00,0.337,0.027,0,0
2017-01-04 04:00,0.237,0.022,0,0
2017-01-04 05:00,0.257,0.026,0,0
2017-01-04 06:00,0.469,0.024,0,0
2017-01-04 07:00,0.705,0.027,0,0
2017-01-04 08:00,1.013,0.027,0,0
2017-01-04 09:00,1.317,0.033,0,0
2017-01-04 10:00,1.481,0.039,0,0
2017-01-04 11:00,1.590,0.031,0,0
2017-01-04 12:00,1.530,0.032,0,0
2017-01-04 13:00,1.400,0.031,0,0
2017-01-04 14:00,1.240,0.033,0,0
2017-01-04 15:00,1.068,0.040,0,0
2017-01-04 16:00,0.952,0.029,0,0
2017-01-04 17:00,0.893,0.027,0,0
2017-01-04 18:00,0.915,0.030,0,0
2017-01-04 19:00,1.004,0.034,0,0
2017-01-04 20:00,1.112,0.031,0,0
2017-01-04 21:00,1.234,0.037,0,0
2017-01-04 22:00,1.296,0.039,0,0
2017-01-04 23:00,1.328,0.038,0,0
2017-01-05 00:00,1.193,0.034,0,0
2017-01-05 01:00,1.006,0.036,0,0
2017-01-05 02:00,0.770,0.032,0,0
2017-01-05 03:00,0.535,0.027,0,0
2017-01-05 04:00,0.426,0.025,0,0
2017-01-05 05:00,0.387,0.026,0,0
2017-01-05 06:00,0.444,0.021,0,0
2017-01-05 07:00,0.612,0.023,0,0
2017-01-05 08:00,0.826,0.031,0,0
2017-01-05 09:00,1.153,0.027,0,0
2017-01-05 10:00,1.421,0.036,0,0
2017-01-05 11:00,1.553,0.031,0,0
2017-01-05 12:00,1.606,0.030,0,0
2017-01-05 13:00,1.573,0.034,0,0
2017-01-05 14:00,1.397,0.038,0,0
2017-01-05 15:00,1.198,0.042,0,0
2017-01-05 16:00,0.957,0.035,0,0
2017-01-05 17:00,0.792,0.030,0,0
2017-01-05 18:00,0.717,0.036,0,0
2017-01-05 19:00,0.698,0.032,0,0
2017-01-05 20:00,0.795,0.028,0,0
2017-01-05 21:00,0.931,0.028,0,0
2017-01-05 22:00,1.035,0.026,0,0
2017-01-05 23:00,1.122,0.035,0,0
2017-01-06 00:00,1.155,0.038,0,0
2017-01-06 01:00,1.128,0.043,0,0
2017-01-06 02:00,0.954,0.039,0,0
2017-01-06 03:00,0.736,0.031,0,0
2017-01-06 04:00,0.556,0.029,0,0
2017-01-06 05:00,0.439,0.024,0,0
2017-01-06 06:00,0.377,0.023,0,0
2017-01-06 07:00,0.474,0.023,0,0
2017-01-06 08:00,0.691,0.025,0,0
2017-01-06 09:00,0.924,0.024,0,0
2017-01-06 10:00,1.239,0.029,0,0
2017-01-06 11:00,1.470,0.032,0,0
2017-01-06 12:00,1.605,0.025,0,0
2017-01-06 13:00,1.686,0.030,0,0
2017-01-06 14:00,1.562,0.030,0,0
2017-01-06 15:00,1.337,0.031,0,0
2017-01-06 16:00,1.082,0.031,0,0
2017-01-06 17:00,0.826,0.026,0,0
2017-01-06 18:00,0.632,0.031,0,0
2017-01-06 19:00,0.502,0.026,0,0
2017-01-06 20:00,0.456,0.024,0,0
2017-01-06 21:00,0.542,0.023,0,0
2017-01-06 22:00,0.727,0.027,0,0
2017-01-06 23:00,0.868,0.028,0,0
2017-01-07 00:00,1.026,0.032,0,0
2017-01-07 01:00,1.089,0.031,0,0
2017-01-07 02:00,1.095,0.032,0,0
2017-01-07 03:00,1.012,0.032,0,0
2017-01-07 04:00,0.831,0.026,0,0
2017-01-07 05:00,0.671,0.030,0,0
2017-01-07 06:00,0.594,0.030,0,0
2017-01-07 07:00,0.546,0.028,0,0
2017-01-07 08:00,0.633,0.026,0,0
2017-01-07 09:00,0.842,0.028,0,0
2017-01-07 10:00,1.127,0.029,0,0
2017-01-07 11:00,1.430,0.031,0,0
2017-01-07 12:00,1.693,0.033,0,0
2017-01-07 13:00,1.847,0.028,0,0
2017-01-07 14:00,1.833,0.032,0,0
2017-01-07 15:00,1.709,0.030,0,0
2017-01-07 16:00,1.465,0.035,0,0
2017-01-07 17:00,1.168,0.026,0,0
2017-01-07 18:00,0.809,0.029,0,0
2017-01-07 19:00,0.586,0.029,0,0
2017-01-07 20:00,0.394,0.019,0,0
2017-01-07 21:00,0.358,0.022,0,0
2017-01-07 22:00,0.447,0.023,0,0
2017-01-07 23:00,0.599,0.024,0,0
2017-01-08 00:00,0.839,0.025,0,0
2017-01-08 01:00,1.024,0.031,0,0
2017-01-08 02:00,1.159,0.034,0,0
2017-01-08 03:00,1.186,0.033,0,0
2017-01-08 04:00,1.050,0.041,0,0
2017-01-08 05:00,0.963,0.037,0,0
2017-01-08 06:00,0.831,0.032,0,0
2017-01-08 07:00,0.692,0.027,0,0
2017-01-08 08:00,0.675,0.027,0,0
2017-01-08 09:00,0.780,0.032,0,0
2017-01-08 10:00,0.964,0.032,0,0
2017-01-08 11:00,1.285,0.038,0,0
2017-01-08 12:00,1.581,0.039,0,0
2017-01-08 13:00,1.868,0.033,0,0
2017-01-08 14:00,1.973,0.035,0,0
2017-01-08 15:00,1.955,0.033,0,0
2017-01-08 16:00,1.768,0.033,0,0
2017-01-08 17:00,1.484,0.029,0,0
2017-01-08 18:00,1.121,0.029,0,0
2017-01-08 19:00,0.683,0.026,0,0
2017-01-08 20:00,0.373,0.020,0,0
2017-01-08 21:00,0.183,0.017,0,0
2017-01-08 22:00,0.145,0.018,0,0
2017-01-08 23:00,0.300,0.015,0,0
2017-01-09 00:00,0.523,0.020,0,0
2017-01-09 01:00,0.773,0.022,0,0
2017-01-09 02:00,1.028,0.026,0,0
2017-01-09 03:00,1.249,0.035,0,0
2017-01-09 04:00,1.292,0.027,0,0
2017-01-09 05:00,1.223,0.031,0,0
2017-01-09 06:00,1.050,0.033,0,0
2017-01-09 07:00,0.920,0.027,0,0
2017-01-09 08:00,0.793,0.031,0,0
2017-01-09 09:00,0.786,0.030,0,0
2017-01-09 10:00,0.874,0.030,0,0
2017-01-09 11:00,1.064,0.033,0,0
2017-01-09 12:00,1.373,0.046,0,0
2017-01-09 13:00,1.682,0.043,0,0
2017-01-09 14:00,1.918,0.041,0,0
2017-01-09 15:00,2.005,0.051,0,0
2017-01-09 16:00,1.962,0.037,0,0
2017-01-09 17:00,1.711,0.041,0,0
2017-01-09 18:00,1.339,0.040,0,0
2017-01-09 19:00,0.888,0.042,0,0
2017-01-09 20:00,0.434,0.029,0,0
2017-01-09 21:00,0.076,0.025,0,0
2017-01-09 22:00,-0.147,0.021,0,0
2017-01-09 23:00,-0.117,0.018,0,0
2017-01-10 00:00,0.022,0.024,0,0
2017-01-10 01:00,0.315,0.030,0,0
2017-01-10 02:00,0.676,0.033,0,0
2017-01-10 03:00,0.984,0.036,0,0
2017-01-10 04:00,1.199,0.048,0,0
2017-01-10 05:00,1.267,0.044,0,0
2017-01-10 06:00,1.208,0.043,0,0
2017-01-10 07:00,1.080,0.043,0,0
2017-01-10 08:00,0.870,0.048,0,0
2017-01-10 09:00,0.790,0.046,0,0
2017-01-10 10:00,0.771,0.038,0,0
2017-01-10 11:00,0.867,0.044,0,0
2017-01-10 12:00,1.153,0.036,0,0
2017-01-10 13:00,1.481,0.065,0,0
2017-01-10 14:00,1.794,0.060,0,0
2017-01-10 15:00,2.044,0.063,0,0
2017-01-10 16:00,2.144,0.063,0,0
2017-01-10 17:00,2.046,0.070,0,0
2017-01-10 18:00,1.717,0.057,0,0
2017-01-10 19:00,1.263,0.057,0,0
2017-01-10 20:00,0.758,0.037,0,0
2017-01-10 21:00,0.257,0.032,0,0
2017-01-10 22:00,-0.066,0.029,0,0
2017-01-10 23:00,-0.255,0.029,0,0
2017-01-11 00:00,-0.168,0.032,0,0
2017-01-11 01:00,0.122,0.045,0,0
2017-01-11 02:00,0.430,0.060,0,0
2017-01-11 03:00,0.816,0.066,0,0
2017-01-11 04:00,1.187,0.066,0,0
2017-01-11 05:00,1.389,0.060,0,0
2017-01-11 06:00,1.406,0.071,0,0
2017-01-11 07:00,1.356,0.100,0,0
2017-01-11 08:00,1.178,0.107,0,0
2017-01-11 09:00,1.044,0.087,0,0
2017-01-11 10:00,0.867,0.062,0,0
2017-01-11 11:00,0.861,0.062,0,0
2017-01-11 12:00,0.980,0.061,0,0
2017-01-11 13:00,1.281,0.064,0,0
2017-01-11 14:00,1.605,0.061,0,0
2017-01-11 15:00,1.924,0.078,0,0
2017-01-11 16:00,2.151,0.054,0,0
2017-01-11 17:00,2.203,0.093,0,0
2017-01-11 18:00,2.021,0.079,0,0
2017-01-11 19:00,1.661,0.078,0,0
2017-01-11 20:00,1.177,0.099,0,0
2017-01-11 21:00,0.591,0.064,0,0
2017-01-11 22:00,0.099,0.053,0,0
2017-01-11 23:00,-0.191,0.056,0,0
2017-01-12 00:00,-0.261,0.056,0,0
2017-01-12 01:00,-0.218,0.040,0,0
2017-01-12 02:00,0.075,0.074,0,0
2017-01-12 03:00,0.487,0.062,0,0
2017-01-12 04:00,0.914,0.068,0,0
2017-01-12 05:00,1.229,0.059,0,0
2017-01-12 06:00,1.400,0.067,0,0
2017-01-12 07:00,1.486,0.063,0,0
2017-01-12 08:00,1.361,0.061,0,0
2017-01-12 09:00,1.172,0.052,0,0
2017-01-12 10:00,0.966,0.066,0,0
2017-01-12 11:00,0.870,0.052,0,0
2017-01-12 12:00,0.881,0.063,0,0
2017-01-12 13:00,1.059,0.073,0,0
2017-01-12 14:00,1.347,0.055,0,0
2017-01-12 15:00,1.682,0.058,0,0
2017-01-12 16:00,1.984,0.057,0,0
2017-01-12 17:00,2.150,0.076,0,0
2017-01-12 18:00,2.170,0.058,0,0
2017-01-12 19:00,1.970,0.060,0,0
2017-01-12 20:00,1.557,0.049,0,0
2017-01-12 21:00,1.024,0.044,0,0
2017-01-12 22:00,0.489,0.040,0,0
2017-01-12 23:00,0.039,0.036,0,0
2017-01-13 00:00,-0.249,0.036,0,0
2017-01-13 01:00,-0.291,0.046,0,0
2017-01-13 02:00,-0.142,0.042,0,0
2017-01-13 03:00,0.159,0.056,0,0
2017-01-13 04:00,0.556,0.048,0,0
2017-01-13 05:00,0.973,0.054,0,0
2017-01-13 06:00,1.262,0.055,0,0
2017-01-13 07:00,1.414,0.050,0,0
2017-01-13 08:00,1.430,0.054,0,0
2017-01-13 09:00,1.285,0.057,0,0
2017-01-13 10:00,1.085,0.057,0,0
2017-01-13 11:00,0.884,0.044,0,0
2017-01-13 12:00,0.779,0.046,0,0
2017-01-13 13:00,0.795,0.043,0,0
2017-01-13 14:00,0.963,0.044,0,0
2017-01-13 15:00,1.275,0.046,0,0
2017-01-13 16:00,1.613,0.052,0,0
2017-01-13 17:00,1.874,0.056,0,0
2017-01-13 18:00,2.027,0.062,0,0
2017-01-13 19:00,1.971,0.055,0,0
2017-01-13 20:00,1.733,0.049,0,0
2017-01-13 21:00,1.328,0.045,0,0
2017-01-13 22:00,0.822,0.046,0,0
2017-01-13 23:00,0.303,0.040,0,0
2017-01-14 00:00,-0.087,0.040,0,0
2017-01-14 01:00,-0.284,0.031,0,0
2017-01-14 02:00,-0.325,0.035,0,0
2017-01-14 03:00,-0.122,0.030,0,0
2017-01-14 04:00,0.250,0.037,0,0
2017-01-14 05:00,0.641,0.047,0,0
2017-01-14 06:00,1.037,0.055,0,0
2017-01-14 07:00,1.284,0.045,0,0
2017-01-14 08:00,1.416,0.053,0,0
2017-01-14 09:00,1.383,0.042,0,0
2017-01-14 10:00,1.226,0.052,0,0
2017-01-14 11:00,1.005,0.047,0,0
2017-01-14 12:00,0.824,0.051,0,0
2017-01-14 13:00,0.725,0.050,0,0
2017-01-14 14:00,0.769,0.056,0,0
2017-01-14 15:00,0.945,0.045,0,0
2017-01-14 16:00,1.252,0.057,0,0
2017-01-14 17:00,1.552,0.049,0,0
2017-01-14 18:00,1.791,0.051,0,0
2017-01-14 19:00,1.889,0.050,0,0
2017-01-14 20:00,1.816,0.050,0,0
2017-01-14 21:00,1.543,0.046,0,0
2017-01-14 22:00,1.146,0.040,0,0
2017-01-14 23:00,0.691,0.035,0,0
2017-01-15 00:00,0.252,0.035,0,0
2017-01-15 01:00,-0.071,0.026,0,0
2017-01-15 02:00,-0.222,0.029,0,0
2017-01-15 03:00,-0.149,0.041,0,0
2017-01-15 04:00,0.081,0.036,0,0
2017-01-15 05:00,0.438,0.035,0,0
2017-01-15 06:00,0.813,0.039,0,0
2017-01-15 07:00,1.156,0.038,0,0
2017-01-15 08:00,1.359,0.045,0,0
2017-01-15 09:00,1.439,0.049,0,0
2017-01-15 10:00,1.370,0.038,0,0
2017-01-15 11:00,1.216,0.050,0,0
2017-01-15 12:00,0.980,0.040,0,0
2017-01-15 13:00,0.794,0.035,0,0
2017-01-15 14:00,0.728,0.035,0,0
2017-01-15 15:00,0.788,0.046,0,0
2017-01-15 16:00,0.957,0.044,0,0
2017-01-15 17:00,1.231,0.045,0,0
2017-01-15 18:00,1.461,0.044,0,0
2017-01-15 19:00,1.656,0.042,0,0
2017-01-15 20:00,1.708,0.038,0,0
2017-01-15 21:00,1.599,0.052,0,0
2017-01-15 22:00,1.330,0.043,0,0
2017-01-15 23:00,0.963,0.043,0,0
2017-01-16 00:00,0.568,0.043,0,0
2017-01-16 01:00,0.212,0.049,0,0
2017-01-16 02:00,-0.003,0.060,0,0
2017-01-16 03:00,-0.117,0.040,0,0
2017-01-16 04:00,0.025,0.039,0,0
2017-01-16 05:00,0.255,0.057,0,0
2017-01-16 06:00,0.603,0.069,0,0
2017-01-16 07:00,0.926,0.069,0,0
2017-01-16 08:00,1.244,0.053,0,0
2017-01-16 09:00,1.409,0.056,0,0
2017-01-16 10:00,1.431,0.080,0,0
2017-01-16 11:00,1.353,0.068,0,0
2017-01-16 12:00,1.179,0.070,0,0
2017-01-16 13:00,0.980,0.064,0,0
2017-01-16 14:00,0.855,0.087,0,0
2017-01-16 15:00,0.681,0.073,0,0
2017-01-16 16:00,0.768,0.068,0,0
2017-01-16 17:00,0.969,0.078,0,0
2017-01-16 18:00,1.106,0.077,0,0
2017-01-16 19:00,1.390,0.053,0,0
2017-01-16 20:00,1.497,0.095,0,0
2017-01-16 21:00,1.553,0.094,0,0
2017-01-16 22:00,1.403,0.099,0,0
2017-01-16 23:00,1.158,0.079,0,0
2017-01-17 00:00,0.831,0.062,0,0
2017-01-17 01:00,0.531,0.085,0,0
2017-01-17 02:00,0.231,0.046,0,0
2017-01-17 03:00,0.100,0.045,0,0
2017-01-17 04:00,0.073,0.043,0,0
2017-01-17 05:00,0.214,0.044,0,0
2017-01-17 06:00,0.469,0.053,0,0
2017-01-17 07:00,0.817,0.053,0,0
2017-01-17 08:00,1.107,0.046,0,0
2017-01-17 09:00,1.377,0.051,0,0
2017-01-17 10:00,1.493,0.075,0,0
2017-01-17 11:00,1.487,0.064,0,0
2017-01-17 12:00,1.376,0.050,0,0
2017-01-17 13:00,1.183,0.056,0,0
2017-01-17 14:00,0.977,0.071,0,0
2017-01-17 15:00,0.820,0.040,0,0
2017-01-17 16:00,0.790,0.044,0,0
2017-01-17 17:00,0.820,0.044,0,0
2017-01-17 18:00,0.866,0.038,0,0
2017-01-17 19:00,1.023,0.045,0,0
2017-01-17 20:00,1.247,0.055,0,0
2017-01-17 21:00,1.335,0.066,0,0
2017-01-17 22:00,1.353,0.064,0,0
2017-01-17 23:00,1.243,0.043,0,0
2017-01-18 00:00,1.065,0.047,0,0
2017-01-18 01:00,0.821,0.046,0,0
2017-01-18 02:00,0.546,0.043,0,0
2017-01-18 03:00,0.357,0.042,0,0
2017-01-18 04:00,0.295,0.043,0,0
2017-01-18 05:00,0.308,0.036,0,0
2017-01-18 06:00,0.421,0.046,0,0
2017-01-18 07:00,0.678,0.046,0,0
2017-01-18 08:00,1.012,0.055,0,0
2017-01-18 09:00,1.252,0.052,0,0
2017-01-18 10:00,1.431,0.067,0,0
2017-01-18 11:00,1.545,0.065,0,0
2017-01-18 12:00,1.528,0.081,0,0
2017-01-18 13:00,1.363,0.091,0,0
2017-01-18 14:00,1.184,0.090,0,0
2017-01-18 15:00,0.949,0.085,0,0
2017-01-18 16:00,0.863,0.087,0,0
2017-01-18 17:00,0.765,0.076,0,0
2017-01-18 18:00,0.780,0.122,0,0
2017-01-18 19:00,0.773,0.059,0,0
2017-01-18 20:00,0.949,0.065,0,0
2017-01-18 21:00,1.049,0.058,0,0
2017-01-18 22:00,1.183,0.068,0,0
2017-01-18 23:00,1.219,0.058,0,0
2017-01-19 00:00,1.180,0.055,0,0
2017-01-19 01:00,1.113,0.077,0,0
2017-01-19 02:00,0.922,0.061,0,0
2017-01-19 03:00,0.757,0.066,0,0
2017-01-19 04:00,0.629,0.075,0,0
2017-01-19 05:00,0.578,0.063,0,0
2017-01-19 06:00,0.620,0.072,0,0
2017-01-19 07:00,0.765,0.079,0,0
2017-01-19 08:00,0.939,0.110,0,0
2017-01-19 09:00,1.215,0.133,0,0
2017-01-19 10:00,1.452,0.086,0,0
2017-01-19 11:00,1.582,0.127,0,0
2017-01-19 12:00,1.651,0.078,0,0
2017-01-19 13:00,1.620,0.073,0,0
2017-01-19 14:00,1.441,0.115,0,0
2017-01-19 15:00,1.249,0.097,0,0
2017-01-19 16:00,1.052,0.064,0,0
2017-01-19 17:00,0.862,0.053,0,0
2017-01-19 18:00,0.747,0.063,0,0
2017-01-19 19:00,0.682,0.090,0,0
2017-01-19 20:00,0.725,0.065,0,0
2017-01-19 21:00,0.839,0.087,0,0
2017-01-19 22:00,0.958,0.089,0,0
2017-01-19 23:00,1.035,0.104,0,0
2017-01-20 00:00,1.113,0.110,0,0
2017-01-20 01:00,1.050,0.108,0,0
2017-01-20 02:00,1.053,0.146,0,0
2017-01-20 03:00,0.880,0.118,0,0
2017-01-20 04:00,0.768,0.141,0,0
2017-01-20 05:00,0.729,0.104,0,0
2017-01-20 06:00,0.703,0.141,0,0
2017-01-20 07:00,0.782,0.084,0,0
2017-01-20 08:00,0.884,0.143,0,0
2017-01-20 09:00,1.133,0.139,0,0
2017-01-20 10:00,1.374,0.093,0,0
2017-01-20 11:00,1.608,0.130,0,0
2017-01-20 12:00,1.755,0.140,0,0
2017-01-20 13:00,1.809,0.128,0,0
2017-01-20 14:00,1.746,0.092,0,0
2017-01-20 15:00,1.567,0.100,0,0
2017-01-20 16:00,1.387,0.143,0,0
2017-01-20 17:00,1.238,0.122,0,0
2017-01-20 18:00,1.034,0.130,0,0
2017-01-20 19:00,0.773,0.193,0,0
2017-01-20 20:00,0.807,0.106,0,0
2017-01-20 21:00,0.837,0.230,0,0
2017-01-20 22:00,0.865,0.113,0,0
2017-01-20 23:00,1.041,0.126,0,0
2017-01-21 00:00,1.114,0.101,0,0
2017-01-21 01:00,1.230,0.098,0,0
2017-01-21 02:00,1.227,0.167,0,0
2017-01-21 03:00,1.196,0.141,0,0
2017-01-21 04:00,1.097,0.130,0,0
2017-01-21 05:00,1.003,0.123,0,0
2017-01-21 06:00,0.940,0.114,0,0
2017-01-21 07:00,0.913,0.165,0,0
2017-01-21 08:00,0.904,0.168,0,0
2017-01-21 09:00,1.023,0.145,0,0
2017-01-21 10:00,1.269,0.169,0,0
2017-01-21 11:00,1.483,0.161,0,0
2017-01-21 12:00,1.519,0.219,0,0
2017-01-21 13:00,1.639,0.269,0,0
2017-01-21 14:00,1.727,0.191,0,0
2017-01-21 15:00,1.646,0.255,0,0
2017-01-21 16:00,1.542,0.214,0,0
2017-01-21 17:00,1.056,0.180,0,0
2017-01-21 18:00,0.855,0.307,0,0
2017-01-21 19:00,0.822,0.177,0,0
2017-01-21 20:00,0.323,0.169,0,0
2017-01-21 21:00,0.439,0.214,0,0
2017-01-21 22:00,0.490,0.186,0,0
2017-01-21 23:00,0.415,0.197,0,0
2017-01-22 00:00,0.801,0.197,0,0
2017-01-22 01:00,0.785,0.293,0,0
2017-01-22 02:00,0.982,0.181,0,0
2017-01-22 03:00,1.118,0.233,0,0
2017-01-22 04:00,1.107,0.239,0,0
2017-01-22 05:00,0.977,0.205,0,0
2017-01-22 06:00,0.951,0.176,0,0
2017-01-22 07:00,0.890,0.151,0,0
2017-01-22 08:00,0.794,0.218,0,0
2017-01-22 09:00,0.967,0.181,0,0
2017-01-22 10:00,1.044,0.130,0,0
2017-01-22 11:00,1.330,0.118,0,0
2017-01-22 12:00,1.607,0.134,0,0
2017-01-22 13:00,1.733,0.074,0,0
2017-01-22 14:00,1.802,0.216,0,0
2017-01-22 15:00,1.804,0.128,0,0
2017-01-22 16:00,1.695,0.126,0,0
2017-01-22 17:00,1.391,0.102,0,0
2017-01-22 18:00,1.099,0.131,0,0
2017-01-22 19:00,0.830,0.075,0,0
2017-01-22 20:00,0.577,0.098,0,0
2017-01-22 21:00,0.430,0.094,0,0
2017-01-22 22:00,0.370,0.109,0,0
2017-01-22 23:00,0.457,0.115,0,0
2017-01-23 00:00,0.627,0.099,0,0
2017-01-23 01:00,0.789,0.135,0,0
2017-01-23 02:00,0.961,0.088,0,0
2017-01-23 03:00,1.156,0.129,0,0
2017-01-23 04:00,1.147,0.102,0,0
2017-01-23 05:00,1.143,0.133,0,0
2017-01-23 06:00,1.109,0.101,0,0
2017-01-23 07:00,1.079,0.131,0,0
2017-01-23 08:00,1.043,0.085,0,0
2017-01-23 09:00,1.004,0.082,0,0
2017-01-23 10:00,1.038,0.111,0,0
2017-01-23 11:00,1.173,0.080,0,0
2017-01-23 12:00,1.405,0.100,0,0
2017-01-23 13:00,1.584,0.106,0,0
2017-01-23 14:00,1.736,0.099,0,0
2017-01-23 15:00,1.771,0.113,0,0
2017-01-23 16:00,1.712,0.109,0,0
2017-01-23 17:00,1.524,0.101,0,0
2017-01-23 18:00,1.208,0.101,0,0
2017-01-23 19:00,0.865,0.096,0,0
2017-01-23 20:00,0.551,0.094,0,0
2017-01-23 21:00,0.307,0.059,0,0
2017-01-23 22:00,0.217,0.083,0,0
2017-01-23 23:00,0.227,0.081,0,0
2017-01-24 00:00,0.375,0.086,0,0
2017-01-24 01:00,0.567,0.116,0,0
2017-01-24 02:00,0.747,0.124,0,0
2017-01-24 03:00,1.029,0.131,0,0
2017-01-24 04:00,1.133,0.101,0,0
2017-01-24 05:00,1.172,0.103,0,0
2017-01-24 06:00,1.224,0.105,0,0
2017-01-24 07:00,1.059,0.126,0,0
2017-01-24 08:00,0.962,0.130,0,0
2017-01-24 09:00,0.897,0.098,0,0
2017-01-24 10:00,1.001,0.160,0,0
2017-01-24 11:00,1.024,0.119,0,0
2017-01-24 12:00,1.247,0.163,0,0
2017-01-24 13:00,1.474,0.192,0,0
2017-01-24 14:00,1.662,0.121,0,0
2017-01-24 15:00,1.717,0.164,0,0
2017-01-24 16:00,1.734,0.179,0,0
2017-01-24 17:00,1.662,0.147,0,0
2017-01-24 18:00,1.437,0.189,0,0
2017-01-24 19:00,1.094,0.113,0,0
2017-01-24 20:00,0.616,0.122,0,0
2017-01-24 21:00,0.378,0.102,0,0
2017-01-24 22:00,0.135,0.112,0,0
2017-01-24 23:00,0.106,0.088,0,0
2017-01-25 00:00,0.101,0.095,0,0
2017-01-25 01:00,0.297,0.079,0,0
2017-01-25 02:00,0.540,0.115,0,0
2017-01-25 03:00,0.818,0.087,0,0
2017-01-25 04:00,0.996,0.083,0,0
2017-01-25 05:00,1.156,0.089,0,0
2017-01-25 06:00,1.175,0.087,0,0
2017-01-25 07:00,1.099,0.067,0,0
2017-01-25 08:00,0.998,0.071,0,0
2017-01-25 09:00,0.859,0.065,0,0
2017-01-25 10:00,0.814,0.078,0,0
2017-01-25 11:00,0.850,0.066,0,0
2017-01-25 12:00,1.005,0.060,0,0
2017-01-25 13:00,1.217,0.060,0,0
2017-01-25 14:00,1.441,0.065,0,0
2017-01-25 15:00,1.643,0.062,0,0
2017-01-25 16:00,1.717,0.076,0,0
2017-01-25 17:00,1.697,0.065,0,0
2017-01-25 18:00,1.483,0.050,0,0
2017-01-25 19:00,1.157,0.043,0,0
2017-01-25 20:00,0.761,0.062,0,0
2017-01-25 21:00,0.399,0.045,0,0
2017-01-25 22:00,0.098,0.041,0,0
2017-01-25 23:00,-0.056,0.041,0,0
2017-01-26 00:00,-0.099,0.050,0,0
2017-01-26 01:00,0.039,0.042,0,0
2017-01-26 02:00,0.303,0.036,0,0
2017-01-26 03:00,0.601,0.042,0,0
2017-01-26 04:00,0.886,0.046,0,0
2017-01-26 05:00,1.043,0.051,0,0
2017-01-26 06:00,1.132,0.049,0,0
2017-01-26 07:00,1.072,0.047,0,0
2017-01-26 08:00,0.997,0.040,0,0
2017-01-26 09:00,0.869,0.044,0,0
2017-01-26 10:00,0.747,0.058,0,0
2017-01-26 11:00,0.746,0.061,0,0
2017-01-26 12:00,0.839,0.066,0,0
2017-01-26 13:00,1.009,0.062,0,0
2017-01-26 14:00,1.255,0.078,0,0
2017-01-26 15:00,1.484,0.085,0,0
2017-01-26 16:00,1.631,0.070,0,0
2017-01-26 17:00,1.689,0.098,0,0
2017-01-26 18:00,1.556,0.115,0,0
2017-01-26 19:00,1.300,0.095,0,0
2017-01-26 20:00,0.934,0.108,0,0
2017-01-26 21:00,0.471,0.113,0,0
2017-01-26 22:00,0.198,0.119,0,0
2017-01-26 23:00,-0.082,0.158,0,0
2017-01-27 00:00,-0.152,0.108,0,0
2017-01-27 01:00,-0.203,0.119,0,0
2017-01-27 02:00,0.065,0.137,0,0
2017-01-27 03:00,0.331,0.163,0,0
2017-01-27 04:00,0.633,0.155,0,0
2017-01-27 05:00,0.975,0.162,0,0
2017-01-27 06:00,1.037,0.114,0,0
2017-01-27 07:00,0.989,0.172,0,0
2017-01-27 08:00,1.019,0.092,0,0
2017-01-27 09:00,0.848,0.082,0,0
2017-01-27 10:00,0.726,0.118,0,0
2017-01-27 11:00,0.681,0.120,0,0
2017-01-27 12:00,0.679,0.111,0,0
2017-01-27 13:00,0.844,0.123,0,0
2017-01-27 14:00,1.079,0.101,0,0
2017-01-27 15:00,1.302,0.126,0,0
2017-01-27 16:00,1.554,0.133,0,0
2017-01-27 17:00,1.654,0.124,0,0
2017-01-27 18:00,1.689,0.120,0,0
2017-01-27 19:00,1.424,0.102,0,0
2017-01-27 20:00,1.101,0.079,0,0
2017-01-27 21:00,0.683,0.070,0,0
2017-01-27 22:00,0.267,0.085,0,0
2017-01-27 23:00,-0.064,0.076,0,0
2017-01-28 00:00,-0.223,0.046,0,0
2017-01-28 01:00,-0.250,0.060,0,0
2017-01-28 02:00,-0.146,0.048,0,0
2017-01-28 03:00,0.146,0.072,0,0
2017-01-28 04:00,0.457,0.056,0,0
2017-01-28 05:00,0.768,0.068,0,0
2017-01-28 06:00,0.996,0.093,0,0
2017-01-28 07:00,1.112,0.077,0,0
2017-01-28 08:00,1.076,0.073,0,0
2017-01-28 09:00,0.971,0.076,0,0
2017-01-28 10:00,0.810,0.073,0,0
2017-01-28 11:00,0.666,0.075,0,0
2017-01-28 12:00,0.627,0.066,0,0
2017-01-28 13:00,0.701,0.073,0,0
2017-01-28 14:00,0.885,0.074,0,0
2017-01-28 15:00,1.114,0.071,0,0
2017-01-28 16:00,1.389,0.064,0,0
2017-01-28 17:00,1.623,0.067,0,0
2017-01-28 18:00,1.647,0.057,0,0
2017-01-28 19:00,1.543,0.071,0,0
2017-01-28 20:00,1.320,0.061,0,0
2017-01-28 21:00,0.974,0.064,0,0
2017-01-28 22:00,0.562,0.057,0,0
2017-01-28 23:00,0.175,0.051,0,0
2017-01-29 00:00,-0.112,0.049,0,0
2017-01-29 01:00,-0.256,0.042,0,0
2017-01-29 02:00,-0.209,0.040,0,0
2017-01-29 03:00,0.036,0.050,0,0
2017-01-29 04:00,0.356,0.058,0,0
2017-01-29 05:00,0.707,0.077,0,0
2017-01-29 06:00,0.978,0.067,0,0
2017-01-29 07:00,1.156,0.060,0,0
2017-01-29 08:00,1.199,0.064,0,0
2017-01-29 09:00,1.123,0.063,0,0
2017-01-29 10:00,0.952,0.071,0,0
2017-01-29 11:00,0.785,0.055,0,0
2017-01-29 12:00,0.675,0.052,0,0
2017-01-29 13:00,0.633,0.055,0,0
2017-01-29 14:00,0.760,0.073,0,0
2017-01-29 15:00,0.975,0.082,0,0
2017-01-29 16:00,1.226,0.076,0,0
2017-01-29 17:00,1.498,0.091,0,0
2017-01-29 18:00,1.665,0.082,0,0
2017-01-29 19:00,1.662,0.104,0,0
2017-01-29 20:00,1.524,0.067,0,0
2017-01-29 21:00,1.259,0.081,0,0
2017-01-29 22:00,0.879,0.075,0,0
2017-01-29 23:00,0.433,0.070,0,0
2017-01-30 00:00,0.145,0.063,0,0
2017-01-30 01:00,-0.096,0.054,0,0
2017-01-30 02:00,-0.165,0.056,0,0
2017-01-30 03:00,-0.012,0.056,0,0
2017-01-30 04:00,0.230,0.056,0,0
2017-01-30 05:00,0.605,0.068,0,0
2017-01-30 06:00,0.958,0.079,0,0
2017-01-30 07:00,1.149,0.070,0,0
2017-01-30 08:00,1.310,0.090,0,0
2017-01-30 09:00,1.292,0.069,0,0
2017-01-30 10:00,1.151,0.061,0,0
2017-01-30 11:00,0.966,0.079,0,0
2017-01-30 12:00,0.804,0.067,0,0
2017-01-30 13:00,0.677,0.050,0,0
2017-01-30 14:00,0.690,0.056,0,0
2017-01-30 15:00,0.819,0.062,0,0
2017-01-30 16:00,1.052,0.070,0,0
2017-01-30 17:00,1.274,0.058,0,0
2017-01-30 18:00,1.542,0.081,0,0
2017-01-30 19:00,1.672,0.070,0,0
2017-01-30 20:00,1.635,0.085,0,0
2017-01-30 21:00,1.448,0.054,0,0
2017-01-30 22:00,1.143,0.062,0,0
2017-01-30 23:00,0.761,0.062,0,0
2017-01-31 00:00,0.380,0.046,0,0
2017-01-31 01:00,0.119,0.046,0,0
2017-01-31 02:00,-0.016,0.038,0,0
2017-01-31 03:00,0.005,0.040,0,0
2017-01-31 04:00,0.191,0.042,0,0
2017-01-31 05:00,0.492,0.051,0,0
2017-01-31 06:00,0.850,0.054,0,0
2017-01-31 07:00,1.145,0.059,0,0
2017-01-31 08:00,1.342,0.056,0,0
2017-01-31 09:00,1.406,0.058,0,0
2017-01-31 10:00,1.326,0.055,0,0
2017-01-31 11:00,1.166,0.039,0,0
2017-01-31 12:00,0.976,0.051,0,0
2017-01-31 13:00,0.757,0.069,0,0
2017-01-31 14:00,0.668,0.046,0,0
2017-01-31 15:00,0.697,0.053,0,0
2017-01-31 16:00,0.829,0.049,0,0
2017-01-31 17:00,1.033,0.056,0,0
2017-01-31 18:00,1.266,0.046,0,0
2017-01-31 19:00,1.465,0.043,0,0
2017-01-31 20:00,1.563,0.054,0,0
2017-01-31 21:00,1.484,0.044,0,0
2017-01-31 22:00,1.310,0.039,0,0
2017-01-31 23:00,0.995,0.039,0,0
2017-02-01 00:00,0.664,0.038,0,0
2017-02-01 01:00,0.402,0.029,0,0
2017-02-01 02:00,0.197,0.030,0,0
2017-02-01 03:00,0.122,0.032,0,0
2017-02-01 04:00,0.218,0.034,0,0
2017-02-01 05:00,0.431,0.033,0,0
2017-02-01 06:00,0.757,0.038,0,0
2017-02-01 07:00,1.055,0.046,0,0
2017-02-01 08:00,1.339,0.041,0,0
2017-02-01 09:00,1.491,0.043,0,0
2017-02-01 10:00,1.493,0.052,0,0
2017-02-01 11:00,1.381,0.051,0,0
2017-02-01 12:00,1.210,0.052,0,0
2017-02-01 13:00,0.989,0.065,0,0
2017-02-01 14:00,0.802,0.037,0,0
2017-02-01 15:00,0.714,0.049,0,0
2017-02-01 16:00,0.716,0.062,0,0
2017-02-01 17:00,0.828,0.040,0,0
2017-02-01 18:00,1.040,0.046,0,0
2017-02-01 19:00,1.219,0.045,0,0
2017-02-01 20:00,1.344,0.038,0,0
2017-02-01 21:00,1.427,0.055,0,0
2017-02-01 22:00,1.377,0.043,0,0
2017-02-01 23:00,1.184,0.047,0,0
2017-02-02 00:00,0.976,0.033,0,0
2017-02-02 01:00,0.684,0.037,0,0
2017-02-02 02:00,0.486,0.042,0,0
2017-02-02 03:00,0.328,0.031,0,0
2017-02-02 04:00,0.333,0.032,0,0
2017-02-02 05:00,0.514,0.037,0,0
2017-02-02 06:00,0.665,0.044,0,0
2017-02-02 07:00,0.957,0.045,0,0
2017-02-02 08:00,1.282,0.048,0,0
2017-02-02 09:00,1.501,0.037,0,0
2017-02-02 10:00,1.597,0.043,0,0
2017-02-02 11:00,1.582,0.040,0,0
2017-02-02 12:00,1.447,0.044,0,0
2017-02-02 13:00,1.245,0.042,0,0
2017-02-02 14:00,1.007,0.034,0,0
2017-02-02 15:00,0.792,0.037,0,0
2017-02-02 16:00,0.686,0.035,0,0
2017-02-02 17:00,0.696,0.036,0,0
2017-02-02 18:00,0.748,0.040,0,0
2017-02-02 19:00,0.910,0.049,0,0
2017-02-02 20:00,1.088,0.044,0,0
2017-02-02 21:00,1.223,0.052,0,0
2017-02-02 22:00,1.299,0.057,0,0
2017-02-02 23:00,1.234,0.049,0,0
2017-02-03 00:00,1.146,0.050,0,0
2017-02-03 01:00,0.969,0.038,0,0
2017-02-03 02:00,0.744,0.039,0,0
2017-02-03 03:00,0.577,0.040,0,0
2017-02-03 04:00,0.471,0.042,0,0
2017-02-03 05:00,0.489,0.035,0,0
2017-02-03 06:00,0.621,0.037,0,0
2017-02-03 07:00,0.857,0.036,0,0
2017-02-03 08:00,1.124,0.043,0,0
2017-02-03 09:00,1.400,0.045,0,0
2017-02-03 10:00,1.615,0.045,0,0
2017-02-03 11:00,1.690,0.043,0,0
2017-02-03 12:00,1.636,0.046,0,0
2017-02-03 13:00,1.506,0.051,0,0
2017-02-03 14:00,1.285,0.043,0,0
2017-02-03 15:00,1.010,0.049,0,0
2017-02-03 16:00,0.779,0.037,0,0
2017-02-03 17:00,0.644,0.043,0,0
2017-02-03 18:00,0.569,0.044,0,0
2017-02-03 19:00,0.582,0.047,0,0
2017-02-03 20:00,0.709,0.052,0,0
2017-02-03 21:00,0.879,0.048,0,0
2017-02-03 22:00,1.041,0.053,0,0
2017-02-03 23:00,1.099,0.058,0,0
2017-02-04 00:00,1.116,0.065,0,0
2017-02-04 01:00,1.056,0.056,0,0
2017-02-04 02:00,0.945,0.058,0,0
2017-02-04 03:00,0.771,0.053,0,0
2017-02-04 04:00,0.615,0.056,0,0
2017-02-04 05:00,0.553,0.047,0,0
2017-02-04 06:00,0.572,0.063,0,0
2017-02-04 07:00,0.708,0.065,0,0
2017-02-04 08:00,0.901,0.062,0,0
2017-02-04 09:00,1.178,0.068,0,0
2017-02-04 10:00,1.435,0.073,0,0
2017-02-04 11:00,1.574,0.073,0,0
2017-02-04 12:00,1.651,0.059,0,0
2017-02-04 13:00,1.603,0.074,0,0
2017-02-04 14:00,1.437,0.050,0,0
2017-02-04 15:00,1.175,0.070,0,0
2017-02-04 16:00,0.894,0.053,0,0
2017-02-04 17:00,0.636,0.045,0,0
2017-02-04 18:00,0.440,0.060,0,0
2017-02-04 19:00,0.342,0.052,0,0
2017-02-04 20:00,0.340,0.054,0,0
2017-02-04 21:00,0.449,0.060,0,0
2017-02-04 22:00,0.611,0.055,0,0
2017-02-04 23:00,0.844,0.065,0,0
2017-02-05 00:00,0.952,0.066,0,0
2017-02-05 01:00,1.014,0.054,0,0
2017-02-05 02:00,1.017,0.061,0,0
2017-02-05 03:00,0.946,0.052,0,0
2017-02-05 04:00,0.826,0.051,0,0
2017-02-05 05:00,0.718,0.055,0,0
2017-02-05 06:00,0.668,0.060,0,0
2017-02-05 07:00,0.713,0.060,0,0
2017-02-05 08:00,0.851,0.042,0,0
2017-02-05 09:00,1.043,0.047,0,0
2017-02-05 10:00,1.276,0.057,0,0
2017-02-05 11:00,1.506,0.058,0,0
2017-02-05 12:00,1.707,0.047,0,0
2017-02-05 13:00,1.788,0.048,0,0
2017-02-05 14:00,1.717,0.056,0,0
2017-02-05 15:00,1.526,0.046,0,0
2017-02-05 16:00,1.211,0.052,0,0
2017-02-05 17:00,0.908,0.064,0,0
2017-02-05 18:00,0.600,0.057,0,0
2017-02-05 19:00,0.341,0.069,0,0
2017-02-05 20:00,0.243,0.085,0,0
2017-02-05 21:00,0.206,0.042,0,0
2017-02-05 22:00,0.373,0.043,0,0
2017-02-05 23:00,0.584,0.048,0,0
2017-02-06 00:00,0.797,0.078,0,0
2017-02-06 01:00,1.025,0.076,0,0
2017-02-06 02:00,1.167,0.064,0,0
2017-02-06 03:00,1.193,0.063,0,0
2017-02-06 04:00,1.187,0.077,0,0
2017-02-06 05:00,1.088,0.052,0,0
2017-02-06 06:00,0.978,0.053,0,0
2017-02-06 07:00,0.897,0.081,0,0
2017-02-06 08:00,0.871,0.058,0,0
2017-02-06 09:00,1.030,0.064,0,0
2017-02-06 10:00,1.225,0.059,0,0
2017-02-06 11:00,1.445,0.046,0,0
2017-02-06 12:00,1.680,0.098,0,0
2017-02-06 13:00,1.911,0.056,0,0
2017-02-06 14:00,1.962,0.039,0,0
2017-02-06 15:00,1.859,0.066,0,0
2017-02-06 16:00,1.650,0.062,0,0
2017-02-06 17:00,1.303,0.057,0,0
2017-02-06 18:00,0.901,0.051,0,0
2017-02-06 19:00,0.501,0.047,0,0
2017-02-06 20:00,0.210,0.029,0,0
2017-02-06 21:00,0.069,0.048,0,0
2017-02-06 22:00,0.081,0.042,0,0
2017-02-06 23:00,0.200,0.038,0,0
2017-02-07 00:00,0.471,0.052,0,0
2017-02-07 01:00,0.771,0.043,0,0
2017-02-07 02:00,1.018,0.060,0,0
2017-02-07 03:00,1.209,0.056,0,0
2017-02-07 04:00,1.273,0.063,0,0
2017-02-07 05:00,1.236,0.048,0,0
2017-02-07 06:00,1.112,0.060,0,0
2017-02-07 07:00,0.984,0.070,0,0
2017-02-07 08:00,0.894,0.043,0,0
2017-02-07 09:00,0.900,0.043,0,0
2017-02-07 10:00,0.997,0.042,0,0
2017-02-07 11:00,1.183,0.047,0,0
2017-02-07 12:00,1.439,0.055,0,0
2017-02-07 13:00,1.737,0.042,0,0
2017-02-07 14:00,1.874,0.057,0,0
2017-02-07 15:00,1.962,0.044,0,0
2017-02-07 16:00,1.880,0.045,0,0
2017-02-07 17:00,1.639,0.040,0,0
2017-02-07 18:00,1.261,0.043,0,0
2017-02-07 19:00,0.785,0.039,0,0
2017-02-07 20:00,0.335,0.036,0,0
2017-02-07 21:00,0.065,0.030,0,0
2017-02-07 22:00,-0.063,0.029,0,0
2017-02-07 23:00,-0.053,0.033,0,0
2017-02-08 00:00,0.123,0.036,0,0
2017-02-08 01:00,0.457,0.043,0,0
2017-02-08 02:00,0.778,0.049,0,0
2017-02-08 03:00,1.084,0.052,0,0
2017-02-08 04:00,1.238,0.052,0,0
2017-02-08 05:00,1.271,0.054,0,0
2017-02-08 06:00,1.240,0.053,0,0
2017-02-08 07:00,1.083,0.040,0,0
2017-02-08 08:00,0.904,0.040,0,0
2017-02-08 09:00,0.745,0.038,0,0
2017-02-08 10:00,0.725,0.043,0,0
2017-02-08 11:00,0.870,0.052,0,0
2017-02-08 12:00,1.109,0.044,0,0
2017-02-08 13:00,1.443,0.045,0,0
2017-02-08 14:00,1.718,0.071,0,0
2017-02-08 15:00,1.928,0.043,0,0
2017-02-08 16:00,1.966,0.053,0,0
2017-02-08 17:00,1.852,0.054,0,0
2017-02-08 18:00,1.540,0.040,0,0
2017-02-08 19:00,1.078,0.060,0,0
2017-02-08 20:00,0.612,0.046,0,0
2017-02-08 21:00,0.199,0.038,0,0
2017-02-08 22:00,-0.130,0.037,0,0
2017-02-08 23:00,-0.234,0.031,0,0
2017-02-09 00:00,-0.131,0.030,0,0
2017-02-09 01:00,0.139,0.039,0,0
2017-02-09 02:00,0.472,0.038,0,0
2017-02-09 03:00,0.865,0.076,0,0
2017-02-09 04:00,1.175,0.064,0,0
2017-02-09 05:00,1.331,0.047,0,0
2017-02-09 06:00,1.352,0.059,0,0
2017-02-09 07:00,1.229,0.039,0,0
2017-02-09 08:00,1.073,0.048,0,0
2017-02-09 09:00,0.889,0.036,0,0
2017-02-09 10:00,0.768,0.047,0,0
2017-02-09 11:00,0.760,0.039,0,0
2017-02-09 12:00,0.878,0.046,0,0
2017-02-09 13:00,1.183,0.042,0,0
2017-02-09 14:00,1.537,0.052,0,0
2017-02-09 15:00,1.813,0.052,0,0
2017-02-09 16:00,2.015,0.038,0,0
2017-02-09 17:00,2.053,0.061,0,0
2017-02-09 18:00,1.856,0.031,0,0
2017-02-09 19:00,1.498,0.039,0,0
2017-02-09 20:00,1.019,0.052,0,0
2017-02-09 21:00,0.533,0.037,0,0
2017-02-09 22:00,0.127,0.040,0,0
2017-02-09 23:00,-0.147,0.029,0,0
2017-02-10 00:00,-0.216,0.029,0,0
2017-02-10 01:00,-0.038,0.034,0,0
2017-02-10 02:00,0.302,0.040,0,0
2017-02-10 03:00,0.672,0.042,0,0
2017-02-10 04:00,0.994,0.051,0,0
2017-02-10 05:00,1.310,0.044,0,0
2017-02-10 06:00,1.511,0.056,0,0
2017-02-10 07:00,1.389,0.071,0,0
2017-02-10 08:00,1.210,0.050,0,0
2017-02-10 09:00,1.075,0.052,0,0
2017-02-10 10:00,0.815,0.051,0,0
2017-02-10 11:00,0.741,0.052,0,0
2017-02-10 12:00,0.760,0.050,0,0
2017-02-10 13:00,0.886,0.041,0,0
2017-02-10 14:00,1.217,0.047,0,0
2017-02-10 15:00,1.553,0.046,0,0
2017-02-10 16:00,1.821,0.052,0,0
2017-02-10 17:00,2.033,0.049,0,0
2017-02-10 18:00,1.967,0.048,0,0
2017-02-10 19:00,1.758,0.066,0,0
2017-02-10 20:00,1.348,0.052,0,0
2017-02-10 21:00,0.817,0.051,0,0
2017-02-10 22:00,0.391,0.040,0,0
2017-02-10 23:00,-0.001,0.038,0,0
2017-02-11 00:00,-0.196,0.039,0,0
2017-02-11 01:00,-0.186,0.033,0,0
2017-02-11 02:00,0.027,0.037,0,0
2017-02-11 03:00,0.375,0.046,0,0
2017-02-11 04:00,0.774,0.052,0,0
2017-02-11 05:00,1.135,0.059,0,0
2017-02-11 06:00,1.370,0.053,0,0
2017-02-11 07:00,1.443,0.060,0,0
2017-02-11 08:00,1.375,0.056,0,0
2017-02-11 09:00,1.164,0.065,0,0
2017-02-11 10:00,0.912,0.051,0,0
2017-02-11 11:00,0.696,0.056,0,0
2017-02-11 12:00,0.597,0.047,0,0
2017-02-11 13:00,0.648,0.057,0,0
2017-02-11 14:00,0.844,0.044,0,0
2017-02-11 15:00,1.163,0.076,0,0
2017-02-11 16:00,1.494,0.065,0,0
2017-02-11 17:00,1.730,0.076,0,0
2017-02-11 18:00,1.846,0.078,0,0
2017-02-11 19:00,1.814,0.089,0,0
2017-02-11 20:00,1.539,0.070,0,0
2017-02-11 21:00,1.105,0.076,0,0
2017-02-11 22:00,0.644,0.061,0,0
2017-02-11 23:00,0.217,0.064,0,0
2017-02-12 00:00,-0.080,0.051,0,0
2017-02-12 01:00,-0.204,0.044,0,0
2017-02-12 02:00,-0.126,0.058,0,0
2017-02-12 03:00,0.127,0.052,0,0
2017-02-12 04:00,0.502,0.049,0,0
2017-02-12 05:00,0.879,0.054,0,0
2017-02-12 06:00,1.216,0.059,0,0
2017-02-12 07:00,1.398,0.051,0,0
2017-02-12 08:00,1.411,0.061,0,0
2017-02-12 09:00,1.266,0.063,0,0
2017-02-12 10:00,1.020,0.060,0,0
2017-02-12 11:00,0.778,0.054,0,0
2017-02-12 12:00,0.582,0.046,0,0
2017-02-12 13:00,0.508,0.047,0,0
2017-02-12 14:00,0.590,0.054,0,0
2017-02-12 15:00,0.799,0.060,0,0
2017-02-12 16:00,1.120,0.063,0,0
2017-02-12 17:00,1.439,0.056,0,0
2017-02-12 18:00,1.654,0.045,0,0
2017-02-12 19:00,1.708,0.062,0,0
2017-02-12 20:00,1.599,0.065,0,0
2017-02-12 21:00,1.314,0.059,0,0
2017-02-12 22:00,0.946,0.066,0,0
2017-02-12 23:00,0.525,0.059,0,0
2017-02-13 00:00,0.175,0.049,0,0
2017-02-13 01:00,-0.056,0.041,0,0
2017-02-13 02:00,-0.101,0.035,0,0
2017-02-13 03:00,0.065,0.061,0,0
2017-02-13 04:00,0.360,0.047,0,0
2017-02-13 05:00,0.731,0.074,0,0
2017-02-13 06:00,1.089,0.077,0,0
2017-02-13 07:00,1.327,0.044,0,0
2017-02-13 08:00,1.447,0.050,0,0
2017-02-13 09:00,1.402,0.048,0,0
2017-02-13 10:00,1.220,0.068,0,0
2017-02-13 11:00,0.973,0.059,0,0
2017-02-13 12:00,0.697,0.074,0,0
2017-02-13 13:00,0.552,0.068,0,0
2017-02-13 14:00,0.533,0.062,0,0
2017-02-13 15:00,0.648,0.052,0,0
2017-02-13 16:00,0.855,0.061,0,0
2017-02-13 17:00,1.146,0.067,0,0
2017-02-13 18:00,1.402,0.093,0,0
2017-02-13 19:00,1.565,0.064,0,0
2017-02-13 20:00,1.582,0.065,0,0
2017-02-13 21:00,1.451,0.063,0,0
2017-02-13 22:00,1.181,0.084,0,0
2017-02-13 23:00,0.862,0.097,0,0
2017-02-14 00:00,0.466,0.062,0,0
2017-02-14 01:00,0.207,0.055,0,0
2017-02-14 02:00,0.099,0.054,0,0
2017-02-14 03:00,0.137,0.057,0,0
2017-02-14 04:00,0.346,0.052,0,0
2017-02-14 05:00,0.624,0.068,0,0
2017-02-14 06:00,0.925,0.063,0,0
2017-02-14 07:00,1.238,0.060,0,0
2017-02-14 08:00,1.411,0.055,0,0
2017-02-14 09:00,1.468,0.051,0,0
2017-02-14 10:00,1.366,0.055,0,0
2017-02-14 11:00,1.163,0.060,0,0
2017-02-14 12:00,0.919,0.047,0,0
2017-02-14 13:00,0.712,0.038,0,0
2017-02-14 14:00,0.571,0.043,0,0
2017-02-14 15:00,0.563,0.047,0,0
2017-02-14 16:00,0.666,0.046,0,0
2017-02-14 17:00,0.901,0.043,0,0
2017-02-14 18:00,1.131,0.056,0,0
2017-02-14 19:00,1.309,0.045,0,0
2017-02-14 20:00,1.438,0.051,0,0
2017-02-14 21:00,1.425,0.056,0,0
2017-02-14 22:00,1.266,0.039,0,0
2017-02-14 23:00,1.004,0.040,0,0
2017-02-15 00:00,0.751,0.044,0,0
2017-02-15 01:00,0.462,0.045,0,0
2017-02-15 02:00,0.267,0.034,0,0
2017-02-15 03:00,0.225,0.030,0,0
2017-02-15 04:00,0.333,0.036,0,0
2017-02-15 05:00,0.534,0.034,0,0
2017-02-15 06:00,0.820,0.039,0,0
2017-02-15 07:00,1.097,0.035,0,0
2017-02-15 08:00,1.366,0.037,0,0
2017-02-15 09:00,1.471,0.038,0,0
2017-02-15 10:00,1.477,0.034,0,0
2017-02-15 11:00,1.341,0.041,0,0
2017-02-15 12:00,1.158,0.044,0,0
2017-02-15 13:00,0.896,0.031,0,0
2017-02-15 14:00,0.699,0.040,0,0
2017-02-15 15:00,0.577,0.042,0,0
2017-02-15 16:00,0.582,0.042,0,0
2017-02-15 17:00,0.663,0.045,0,0
2017-02-15 18:00,0.843,0.051,0,0
2017-02-15 19:00,1.023,0.048,0,0
2017-02-15 20:00,1.229,0.047,0,0
2017-02-15 21:00,1.286,0.045,0,0
2017-02-15 22:00,1.256,0.045,0,0
2017-02-15 23:00,1.135,0.045,0,0
2017-02-16 00:00,0.947,0.051,0,0
2017-02-16 01:00,0.713,0.044,0,0
2017-02-16 02:00,0.554,0.054,0,0
2017-02-16 03:00,0.449,0.050,0,0
2017-02-16 04:00,0.484,0.043,0,0
2017-02-16 05:00,0.603,0.050,0,0
2017-02-16 06:00,0.810,0.052,0,0
2017-02-16 07:00,1.062,0.044,0,0
2017-02-16 08:00,1.292,0.056,0,0
2017-02-16 09:00,1.485,0.053,0,0
2017-02-16 10:00,1.502,0.058,0,0
2017-02-16 11:00,1.469,0.049,0,0
2017-02-16 12:00,1.320,0.068,0,0
2017-02-16 13:00,1.152,0.062,0,0
2017-02-16 14:00,0.949,0.049,0,0
2017-02-16 15:00,0.754,0.083,0,0
2017-02-16 16:00,0.666,0.075,0,0
2017-02-16 17:00,0.651,0.087,0,0
2017-02-16 18:00,0.737,0.086,0,0
2017-02-16 19:00,0.836,0.103,0,0
2017-02-16 20:00,1.066,0.108,0,0
2017-02-16 21:00,1.133,0.077,0,0
2017-02-16 22:00,1.232,0.104,0,0
2017-02-16 23:00,1.213,0.080,0,0
2017-02-17 00:00,1.088,0.063,0,0
2017-02-17 01:00,0.950,0.079,0,0
2017-02-17 02:00,0.875,0.061,0,0
2017-02-17 03:00,0.737,0.068,0,0
2017-02-17 04:00,0.650,0.067,0,0
2017-02-17 05:00,0.683,0.071,0,0
2017-02-17 06:00,0.906,0.067,0,0
2017-02-17 07:00,1.059,0.122,0,0
2017-02-17 08:00,1.288,0.116,0,0
2017-02-17 09:00,1.467,0.112,0,0
2017-02-17 10:00,1.617,0.071,0,0
2017-02-17 11:00,1.672,0.087,0,0
2017-02-17 12:00,1.554,0.114,0,0
2017-02-17 13:00,1.552,0.082,0,0
2017-02-17 14:00,1.344,0.095,0,0
2017-02-17 15:00,1.141,0.100,0,0
2017-02-17 16:00,0.972,0.075,0,0
2017-02-17 17:00,0.907,0.061,0,0
2017-02-17 18:00,0.885,0.082,0,0
2017-02-17 19:00,0.961,0.064,0,0
2017-02-17 20:00,1.024,0.062,0,0
2017-02-17 21:00,1.218,0.052,0,0
2017-02-17 22:00,1.338,0.077,0,0
2017-02-17 23:00,1.405,0.066,0,0
2017-02-18 00:00,1.416,0.060,0,0
2017-02-18 01:00,1.358,0.054,0,0
2017-02-18 02:00,1.306,0.074,0,0
2017-02-18 03:00,1.183,0.061,0,0
2017-02-18 04:00,1.098,0.072,0,0
2017-02-18 05:00,1.075,0.052,0,0
2017-02-18 06:00,1.084,0.048,0,0
2017-02-18 07:00,1.192,0.049,0,0
2017-02-18 08:00,1.349,0.051,0,0
2017-02-18 09:00,1.509,0.072,0,0
2017-02-18 10:00,1.647,0.044,0,0
2017-02-18 11:00,1.733,0.063,0,0
2017-02-18 12:00,1.760,0.078,0,0
2017-02-18 13:00,1.674,0.081,0,0
2017-02-18 14:00,1.519,0.074,0,0
2017-02-18 15:00,1.323,0.092,0,0
2017-02-18 16:00,1.066,0.125,0,0
2017-02-18 17:00,0.899,0.130,0,0
2017-02-18 18:00,0.787,0.123,0,0
2017-02-18 19:00,0.704,0.131,0,0
2017-02-18 20:00,0.704,0.140,0,0
2017-02-18 21:00,0.831,0.147,0,0
2017-02-18 22:00,0.936,0.106,0,0
2017-02-18 23:00,1.032,0.098,0,0
2017-02-19 00:00,1.097,0.101,0,0
2017-02-19 01:00,1.146,0.083,0,0
2017-02-19 02:00,1.113,0.084,0,0
2017-02-19 03:00,1.062,0.110,0,0
2017-02-19 04:00,1.012,0.094,0,0
2017-02-19 05:00,0.935,0.070,0,0
2017-02-19 06:00,0.888,0.078,0,0
2017-02-19 07:00,0.928,0.096,0,0
2017-02-19 08:00,1.045,0.069,0,0
2017-02-19 09:00,1.170,0.061,0,0
2017-02-19 10:00,1.364,0.071,0,0
2017-02-19 11:00,1.503,0.075,0,0
2017-02-19 12:00,1.586,0.082,0,0
2017-02-19 13:00,1.553,0.077,0,0
2017-02-19 14:00,1.476,0.059,0,0
2017-02-19 15:00,1.328,0.064,0,0
2017-02-19 16:00,1.077,0.044,0,0
2017-02-19 17:00,0.870,0.055,0,0
2017-02-19 18:00,0.701,0.053,0,0
2017-02-19 19:00,0.518,0.055,0,0
2017-02-19 20:00,0.488,0.051,0,0
2017-02-19 21:00,0.500,0.058,0,0
2017-02-19 22:00,0.599,0.045,0,0
2017-02-19 23:00,0.774,0.036,0,0
2017-02-20 00:00,0.923,0.048,0,0
2017-02-20 01:00,1.028,0.041,0,0
2017-02-20 02:00,1.102,0.040,0,0
2017-02-20 03:00,1.128,0.047,0,0
2017-02-20 04:00,1.110,0.039,0,0
2017-02-20 05:00,1.056,0.052,0,0
2017-02-20 06:00,1.012,0.047,0,0
2017-02-20 07:00,0.973,0.054,0,0
2017-02-20 08:00,1.006,0.051,0,0
2017-02-20 09:00,1.115,0.053,0,0
2017-02-20 10:00,1.251,0.078,0,0
2017-02-20 11:00,1.378,0.073,0,0
2017-02-20 12:00,1.543,0.083,0,0
2017-02-20 13:00,1.577,0.081,0,0
2017-02-20 14:00,1.602,0.084,0,0
2017-02-20 15:00,1.522,0.104,0,0
2017-02-20 16:00,1.331,0.063,0,0
2017-02-20 17:00,1.045,0.090,0,0
2017-02-20 18:00,0.751,0.111,0,0
2017-02-20 19:00,0.568,0.106,0,0
2017-02-20 20:00,0.357,0.135,0,0
2017-02-20 21:00,0.346,0.095,0,0
2017-02-20 22:00,0.343,0.075,0,0
2017-02-20 23:00,0.619,0.080,0,0
2017-02-21 00:00,0.721,0.110,0,0
2017-02-21 01:00,0.948,0.083,0,0
2017-02-21 02:00,1.026,0.098,0,0
2017-02-21 03:00,1.157,0.107,0,0
2017-02-21 04:00,1.177,0.090,0,0
2017-02-21 05:00,1.130,0.072,0,0
2017-02-21 06:00,1.088,0.056,0,0
2017-02-21 07:00,0.957,0.084,0,0
2017-02-21 08:00,1.004,0.070,0,0
2017-02-21 09:00,1.008,0.084,0,0
2017-02-21 10:00,1.065,0.072,0,0
2017-02-21 11:00,1.230,0.080,0,0
2017-02-21 12:00,1.368,0.061,0,0
2017-02-21 13:00,1.536,0.049,0,0
2017-02-21 14:00,1.622,0.075,0,0
2017-02-21 15:00,1.596,0.067,0,0
2017-02-21 16:00,1.443,0.074,0,0
2017-02-21 17:00,1.189,0.092,0,0
2017-02-21 18:00,0.930,0.074,0,0
2017-02-21 19:00,0.614,0.062,0,0
2017-02-21 20:00,0.359,0.063,0,0
2017-02-21 21:00,0.184,0.054,0,0
2017-02-21 22:00,0.163,0.050,0,0
2017-02-21 23:00,0.255,0.046,0,0
2017-02-22 00:00,0.456,0.043,0,0
2017-02-22 01:00,0.679,0.042,0,0
2017-02-22 02:00,0.898,0.049,0,0
2017-02-22 03:00,1.076,0.055,0,0
2017-02-22 04:00,1.150,0.049,0,0
2017-02-22 05:00,1.136,0.054,0,0
2017-02-22 06:00,1.093,0.059,0,0
2017-02-22 07:00,0.980,0.063,0,0
2017-02-22 08:00,0.884,0.061,0,0
2017-02-22 09:00,0.842,0.060,0,0
2017-02-22 10:00,0.909,0.051,0,0
2017-02-22 11:00,1.047,0.075,0,0
2017-02-22 12:00,1.198,0.058,0,0
2017-02-22 13:00,1.369,0.050,0,0
2017-02-22 14:00,1.550,0.066,0,0
2017-02-22 15:00,1.590,0.065,0,0
2017-02-22 16:00,1.566,0.074,0,0
2017-02-22 17:00,1.376,0.064,0,0
2017-02-22 18:00,1.073,0.062,0,0
2017-02-22 19:00,0.811,0.055,0,0
2017-02-22 20:00,0.496,0.060,0,0
2017-02-22 21:00,0.230,0.060,0,0
2017-02-22 22:00,0.060,0.080,0,0
2017-02-22 23:00,0.114,0.056,0,0
2017-02-23 00:00,0.254,0.062,0,0
2017-02-23 01:00,0.476,0.075,0,0
2017-02-23 02:00,0.763,0.075,0,0
2017-02-23 03:00,1.004,0.078,0,0
2017-02-23 04:00,1.139,0.069,0,0
2017-02-23 05:00,1.199,0.067,0,0
2017-02-23 06:00,1.155,0.059,0,0
2017-02-23 07:00,1.037,0.049,0,0
2017-02-23 08:00,0.906,0.056,0,0
2017-02-23 09:00,0.806,0.049,0,0
2017-02-23 10:00,0.786,0.059,0,0
2017-02-23 11:00,0.858,0.061,0,0
2017-02-23 12:00,1.034,0.054,0,0
2017-02-23 13:00,1.256,0.063,0,0
2017-02-23 14:00,1.477,0.077,0,0
2017-02-23 15:00,1.624,0.077,0,0
2017-02-23 16:00,1.655,0.000,0,0
2017-02-23 17:00,1.519,0.000,0,0
2017-02-23 18:00,1.290,0.068,0,0
2017-02-23 19:00,0.976,0.059,0,0
2017-02-23 20:00,0.602,0.056,0,0
2017-02-23 21:00,0.250,0.048,0,0
2017-02-23 22:00,0.034,0.059,0,0
2017-02-23 23:00,-0.024,0.066,0,0
2017-02-24 00:00,0.079,0.056,0,0
2017-02-24 01:00,0.288,0.061,0,0
2017-02-24 02:00,0.602,0.066,0,0
2017-02-24 03:00,0.861,0.063,0,0
2017-02-24 04:00,1.105,0.058,0,0
2017-02-24 05:00,1.211,0.053,0,0
2017-02-24 06:00,1.214,0.049,0,0
2017-02-24 07:00,1.114,0.050,0,0
2017-02-24 08:00,0.930,0.058,0,0
2017-02-24 09:00,0.780,0.048,0,0
2017-02-24 10:00,0.675,0.056,0,0
2017-02-24 11:00,0.691,0.056,0,0
2017-02-24 12:00,0.826,0.048,0,0
2017-02-24 13:00,1.031,0.050,0,0
2017-02-24 14:00,1.284,0.055,0,0
2017-02-24 15:00,1.518,0.046,0,0
2017-02-24 16:00,1.639,0.042,0,0
2017-02-24 17:00,1.634,0.054,0,0
2017-02-24 18:00,1.454,0.047,0,0
2017-02-24 19:00,1.145,0.047,0,0
2017-02-24 20:00,0.767,0.051,0,0
2017-02-24 21:00,0.403,0.053,0,0
2017-02-24 22:00,0.085,0.057,0,0
2017-02-24 23:00,-0.102,0.051,0,0
2017-02-25 00:00,-0.102,0.049,0,0
2017-02-25 01:00,0.064,0.053,0,0
2017-02-25 02:00,0.339,0.049,0,0
2017-02-25 03:00,0.678,0.060,0,0
2017-02-25 04:00,0.971,0.056,0,0
2017-02-25 05:00,1.169,0.059,0,0
2017-02-25 06:00,1.236,0.056,0,0
2017-02-25 07:00,1.162,0.082,0,0
2017-02-25 08:00,0.992,0.063,0,0
2017-02-25 09:00,0.807,0.065,0,0
2017-02-25 10:00,0.654,0.056,0,0
2017-02-25 11:00,0.594,0.067,0,0
2017-02-25 12:00,0.637,0.061,0,0
2017-02-25 13:00,0.840,0.051,0,0
2017-02-25 14:00,1.088,0.051,0,0
2017-02-25 15:00,1.357,0.063,0,0
2017-02-25 16:00,1.594,0.079,0,0
2017-02-25 17:00,1.714,0.068,0,0
2017-02-25 18:00,1.630,0.051,0,0
2017-02-25 19:00,1.403,0.052,0,0
2017-02-25 20:00,1.061,0.059,0,0
2017-02-25 21:00,0.672,0.052,0,0
2017-02-25 22:00,0.289,0.044,0,0
2017-02-25 23:00,-0.012,0.036,0,0
2017-02-26 00:00,-0.101,0.036,0,0
2017-02-26 01:00,0.000,0.039,0,0
2017-02-26 02:00,0.243,0.047,0,0
2017-02-26 03:00,0.561,0.051,0,0
2017-02-26 04:00,0.941,0.049,0,0
2017-02-26 05:00,1.185,0.051,0,0
2017-02-26 06:00,1.328,0.043,0,0
2017-02-26 07:00,1.374,0.042,0,0
2017-02-26 08:00,1.219,0.040,0,0
2017-02-26 09:00,0.998,0.043,0,0
2017-02-26 10:00,0.771,0.043,0,0
2017-02-26 11:00,0.607,0.052,0,0
2017-02-26 12:00,0.612,0.047,0,0
2017-02-26 13:00,0.687,0.035,0,0
2017-02-26 14:00,0.896,0.054,0,0
2017-02-26 15:00,1.194,0.035,0,0
2017-02-26 16:00,1.498,0.041,0,0
2017-02-26 17:00,1.724,0.043,0,0
2017-02-26 18:00,1.762,0.043,0,0
2017-02-26 19:00,1.631,0.043,0,0
2017-02-26 20:00,1.356,0.059,0,0
2017-02-26 21:00,0.962,0.056,0,0
2017-02-26 22:00,0.558,0.049,0,0
2017-02-26 23:00,0.220,0.053,0,0
2017-02-27 00:00,0.001,0.046,0,0
2017-02-27 01:00,-0.010,0.050,0,0
2017-02-27 02:00,0.156,0.084,0,0
2017-02-27 03:00,0.484,0.093,0,0
2017-02-27 04:00,0.835,0.071,0,0
2017-02-27 05:00,1.157,0.068,0,0
2017-02-27 06:00,1.413,0.069,0,0
2017-02-27 07:00,1.465,0.061,0,0
2017-02-27 08:00,1.397,0.061,0,0
2017-02-27 09:00,1.199,0.073,0,0
2017-02-27 10:00,0.922,0.080,0,0
2017-02-27 11:00,0.689,0.074,0,0
2017-02-27 12:00,0.534,0.054,0,0
2017-02-27 13:00,0.546,0.068,0,0
2017-02-27 14:00,0.683,0.046,0,0
2017-02-27 15:00,0.926,0.054,0,0
2017-02-27 16:00,1.257,0.063,0,0
2017-02-27 17:00,1.527,0.090,0,0
2017-02-27 18:00,1.680,0.075,0,0
2017-02-27 19:00,1.711,0.058,0,0
2017-02-27 20:00,1.527,0.065,0,0
2017-02-27 21:00,1.235,0.071,0,0
2017-02-27 22:00,0.822,0.086,0,0
2017-02-27 23:00,0.439,0.066,0,0
2017-02-28 00:00,0.177,0.051,0,0
2017-02-28 01:00,0.043,0.064,0,0
2017-02-28 02:00,0.113,0.068,0,0
2017-02-28 03:00,0.346,0.069,0,0
2017-02-28 04:00,0.690,0.077,0,0
2017-02-28 05:00,1.046,0.062,0,0
2017-02-28 06:00,1.347,0.052,0,0
2017-02-28 07:00,1.494,0.060,0,0
2017-02-28 08:00,1.492,0.062,0,0
2017-02-28 09:00,1.331,0.060,0,0
2017-02-28 10:00,1.081,0.054,0,0
2017-02-28 11:00,0.763,0.075,0,0
2017-02-28 12:00,0.535,0.061,0,0
2017-02-28 13:00,0.396,0.052,0,0
2017-02-28 14:00,0.392,0.050,0,0
2017-02-28 15:00,0.576,0.055,0,0
2017-02-28 16:00,0.846,0.059,0,0
2017-02-28 17:00,1.148,0.055,0,0
2017-02-28 18:00,1.389,0.056,0,0
2017-02-28 19:00,1.499,0.060,0,0
2017-02-28 20:00,1.462,0.072,0,0
2017-02-28 21:00,1.294,0.061,0,0
2017-02-28 22:00,0.952,0.049,0,0
2017-02-28 23:00,0.576,0.052,0,0
